name,Physical-flooding,Physical-wildfire,Physical-heat,Physical-subsidence,Physical-sea-level,Physical-water-scarcity,Physical-extreme-weather,Physical-infrastructure,Physical-general,Transition-mees,Transition-retrofit,Transition-standards,Transition-regulatory,Transition-disclosure,Transition-general,Legal-mees,Legal-tort-liability,Legal-access,Legal-contract,Legal-penalties,Legal-negligence,Legal-insurance,Legal-disclosure,Legal-breach,Legal-general,justification,has_any_label,number_of_labels ,labels 
A Beginner’s Guide and Checklist for Accessing Sustainability-Linked Loans (SLLs),0,0,0,0,0,0,0,0,0,0,1,1,0,1,0,0,0,0,0,0,0,0,0,0,0,"The clause provides a detailed guide and checklist for accessing Sustainability-Linked Loans (SLLs), which helps companies align their financial strategies with net zero transition goals. It includes setting and monitoring sustainability performance targets (SPTs), reporting on performance, and ensuring transparency through third-party verification. These elements help mitigate risks related to future retrofit obligations (Transition-retrofit), ensuring alignment with voluntary standards (Transition-standards), and reducing exposure to legal claims arising from failure to disclose climate-related information (Transition-disclosure).",TRUE,3,"Transition-retrofit, Transition-standards, Transition-disclosure"
"Allocating Scope 1, 2 and 3 Emissions for Leased Assets",0,0,0,0,0,0,0,0,0,0,1,0,0,1,0,0,0,0,0,0,0,0,0,0,0,"This clause helps mitigate transition risks by clarifying roles and responsibilities for measuring and reporting Scope 1, 2, and 3 emissions of leased assets. It ensures that both the Lessor and Lessee have clear obligations to measure, calculate, and report emissions, which can help in improving the climate impact of the assets. This can reduce the risk of missing, duplicating, or inaccurately reporting emissions, which is crucial for compliance with future regulatory requirements and for transparently disclosing climate-related information. By addressing these aspects, the clause supports the transition to a low-carbon economy and helps in managing the associated risks.",TRUE,2,"Transition-retrofit, Transition-disclosure"
Auditing Water Usage in Supply Chains,0,0,0,0,0,1,0,0,0,0,1,0,0,1,0,0,0,0,0,0,0,0,0,0,0,"The clause helps mitigate risks related to physical water scarcity by requiring suppliers to provide water usage audits and setting performance targets to reduce water usage. This can help manage the environmental impact of water treatment and supply, which is directly related to water scarcity. Additionally, the clause helps with transition-related risks by promoting the adoption of water reduction goals and measures, which is a form of retrofitting to align with future sustainability standards. Lastly, the clause also helps with disclosure by requiring suppliers to provide detailed water reports, which can help mitigate risks associated with failing to disclose known or foreseeable climate risks.",TRUE,3,"Physical-water-scarcity, Transition-retrofit, Transition-disclosure"
Avoiding Excessive Paperwork in Dispute Resolution,0,0,0,0,0,0,0,0,0,0,0,0,0,0,0,0,0,0,0,0,0,0,1,0,1,"This clause focuses on reducing the environmental impact of dispute resolution processes, which can be seen as a broader legal exposure. It also includes provisions for calculating and offsetting the carbon footprint of disputes, which can help in disclosing and managing climate-related risks. This aligns with the 'Legal-general' category as it addresses general legal exposure, and the 'Legal-disclosure' category as it helps in managing the disclosure of climate risks.",TRUE,2,"Legal-disclosure, Legal-general"
Benchmarking of Project Greenhouse Gas Emissions,0,0,0,0,0,0,0,0,0,0,1,1,0,0,0,0,0,0,0,0,0,0,0,0,0,"This clause helps mitigate risks associated with future retrofit obligations and aligning to voluntary Net Zero or carbon standards. The benchmarking mechanism incentivizes contractors to reduce their greenhouse gas emissions, which is crucial for meeting future retrofit requirements and aligning with sustainability standards. It also ensures that contractors are aware of their carbon footprint and can be held accountable for meeting certain emission targets, thereby reducing exposure to future compliance and reputational risks.",TRUE,2,"Transition-retrofit, Transition-standards"
Board Minutes: Consideration of Climate Change Factors,0,0,0,0,0,0,0,0,0,0,1,1,0,0,1,0,0,0,0,0,0,0,0,0,0,"This clause helps mitigate transition-related risks by encouraging directors to consider decarbonisation targets and climate risks as part of their decision-making process. It also includes specific drafting for purchasing carbon credits, which aligns with organizational carbon footprint reduction goals and voluntary standards, thereby reducing exposure to future retrofit obligations and disputes. Additionally, it addresses broader climate risks, making it relevant to general transition risks.",TRUE,3,"Transition-retrofit, Transition-standards, Transition-general"
Board Paper Implementing Net Zero for SMEs,0,0,0,0,0,0,0,0,0,0,1,1,0,1,0,0,0,0,0,0,0,0,0,0,0,"The clause focuses on setting net-zero objectives and targets, measuring emissions, and implementing strategies to reduce emissions. This aligns with the 'Transition-retrofit' category as it involves clarifying roles, access, and upgrade responsibilities for achieving net-zero targets. It also aligns with the 'Transition-standards' category as it involves setting targets and aligning with voluntary Net Zero or carbon standards. Additionally, the clause emphasizes the importance of disclosure and reporting on climate-related risks and progress, which is relevant to the 'Transition-disclosure' category.",TRUE,3,"Transition-retrofit, Transition-standards, Transition-disclosure"
CLLS Certificate of Title: Climate Change Disclosures,0,0,0,0,0,0,0,0,1,0,0,0,0,0,1,0,0,0,0,0,0,0,1,0,0,"The clause provides voluntary disclosures to the standard form CLLS Certificate of Title, which can be used to update investors on environmental and climate disclosures that may affect the long-term value of the property. This helps in reducing exposure to legal claims resulting from the failure to disclose known or foreseeable climate risks (Legal-disclosure). The clause also addresses general physical risks related to climate change, such as increased frequency and severity of weather events (Physical-general). Additionally, it includes provisions related to transition risks, such as the UK Government's policy to reduce greenhouse gas emissions and the possibility of future legal changes to require investments and improvements to buildings (Transition-general).",TRUE,3,"Physical-general, Transition-general, Legal-disclosure"
Capital Markets ESG Due Diligence Questionnaire,0,0,0,0,0,0,0,0,0,0,0,0,0,1,0,0,0,0,0,0,0,0,1,0,1,"This clause helps mitigate exposure to disclosure-related risks, such as misrepresentation or omission of relevant climate transition information. It requires companies to disclose their climate impact, decarbonisation plans, and climate risk management strategies, which aligns with the Transition-disclosure category. Additionally, it addresses general legal exposure by ensuring that companies are transparent about their climate-related activities and risks, which can help reduce the risk of legal claims related to non-disclosure or misrepresentation. The clause also covers general climate risks, making it relevant to the Legal-general category.",TRUE,3,"Transition-disclosure, Legal-disclosure, Legal-general"
"Carbon Contract Clauses for Environmental Performance, and Associated Incentives and Remedies",0,0,0,0,0,0,0,0,0,0,1,1,0,1,0,0,0,0,0,0,0,0,0,0,0,"This clause helps mitigate transition-related risks by setting climate and environmental performance metrics for suppliers, incentivizing them to meet emissions-reduction targets, and aligning with the objectives of the Paris Agreement. It also includes provisions for climate reporting, verification, and consequences for breach, which are essential for transparency and disclosure. Additionally, the clause promotes the adoption of sustainability standards and targets, which can help reduce exposure to future regulatory changes and reputational risks.",TRUE,3,"Transition-retrofit, Transition-standards, Transition-disclosure"
Carbon Footprint Reduction – Mutual Notification Right (Carbon Footprint Reduction Notice),0,0,0,0,0,0,0,0,0,0,1,1,0,0,0,0,0,0,0,0,0,0,1,0,0,"This clause helps mitigate transition-related risks by promoting mutual obligations to reduce carbon footprints and align with net zero targets, which is relevant to transition-retrofit and transition-standards. It also helps reduce exposure to legal claims related to disclosure of climate risks, as it requires parties to notify and potentially modify their performance to reduce carbon footprints, thereby addressing known or foreseeable climate risks.",TRUE,3,"Transition-retrofit, Transition-standards, Legal-disclosure"
Circular Economy Product Design Obligation,0,0,0,0,0,0,0,0,0,0,1,1,0,0,0,0,0,0,0,0,0,0,1,0,0,"The clause focuses on embedding circular economy principles into product design and manufacturing, which helps reduce exposure to future retrofit obligations and disputes by clarifying roles and responsibilities. It also aligns with the Paris Agreement and net zero targets, reducing exposure to reputational or commercial risks associated with not aligning to voluntary Net Zero or carbon standards. Additionally, the clause requires the manufacturer to provide reports on the carbon footprint and recycled content of the product, which helps reduce exposure to legal claims resulting from failure to disclose known or foreseeable climate risks.",TRUE,3,"Transition-retrofit, Transition-standards, Legal-disclosure"
Climate-Linked Contractual Discretions,0,0,0,0,0,0,0,0,0,0,1,1,0,1,0,0,0,0,0,0,0,0,0,0,0,"The clause helps reduce exposure to future retrofit obligations or disputes by clarifying roles, access, and upgrade responsibilities (Transition-retrofit). It also helps reduce exposure to reputational or commercial risks associated with not aligning to voluntary Net Zero or carbon standards (Transition-standards). Additionally, it helps reduce exposure to legal claims resulting from failure to disclose known or foreseeable climate risks (Transition-disclosure) by requiring parties to report on their achievement of climate objectives and aligning contractual discretions with climate targets.",TRUE,3,"Transition-retrofit, Transition-standards, Transition-disclosure"
Climate-Linked Product Surveillance,0,0,0,0,0,0,0,0,0,0,1,0,0,1,0,0,0,0,0,0,0,0,1,0,0,"This clause focuses on the periodic assessment and response to the impacts of climate change on product safety, which is relevant to transition-related risks such as retrofitting and aligning with climate adaptation guidance. It also requires the sharing of data and best practices, which helps in disclosure and transparency. Additionally, the clause mandates the notification of potential safety issues and regulatory requirements, which helps in reducing exposure to legal claims related to failure to disclose known or foreseeable climate risks.",TRUE,3,"Transition-retrofit, Transition-disclosure, Legal-disclosure"
Climate-Related Disclosure in Loans,0,0,0,0,0,0,0,0,1,0,0,0,0,1,0,0,0,0,0,0,0,0,1,0,0,"The clause focuses on the reporting and disclosure of climate-related risks and impacts, which directly addresses legal exposure to disclosure-related risks (Legal-disclosure). It also encourages the mitigation of both physical and transition risks, which aligns with the Physical-general category. While the clause is not specific to a particular physical risk, it covers a broad range of climate-related impacts, including physical risks to business operations and assets, making it relevant to Physical-general.",TRUE,3,"Physical-general, Transition-disclosure, Legal-disclosure"
Climate-Related Knowledge Sharing Between Insurer and Insured,0,0,0,0,0,0,0,0,0,0,0,0,0,1,1,0,0,0,0,0,0,0,1,0,1,"This clause promotes the sharing of climate-related risk information between insurers and insureds, which helps mitigate legal exposure to disclosure-related risks, such as misrepresentation or omission of relevant climate transition information. It also encourages the implementation of sustainable practices and the assessment of climate risks, which aligns with transition-related risks, including regulatory uncertainty or decarbonisation pressure. The clause helps manage general legal and transition-related exposure by fostering communication and ensuring that both parties are aware of and prepared for climate risks.",TRUE,4,"Transition-disclosure, Transition-general, Legal-disclosure, Legal-general"
Climate-Related Liability Cover (Commercial Insureds),0,0,0,0,0,0,0,0,1,0,0,0,0,0,0,0,0,0,0,0,0,0,0,0,0,"The clause provides cover for climate-related injury and property damage, which directly addresses potential legal liability claims (Legal-liability) arising from such events. It also helps manage general physical climate risks (Physical-general) by offering insurance coverage that can mitigate the financial impact of climate-related damages, thereby reducing the exposure to physical risks.",TRUE,1,Physical-general
Climate-Resilient Landscape Design Contracts,0,0,0,0,0,0,0,0,1,0,1,0,0,0,0,0,0,0,0,0,0,0,1,0,0,"This clause helps mitigate transition-related risks by promoting the use of native flora and trees, which can enhance the resilience of the landscape to physical climate risks. It also helps reduce exposure to legal risks, particularly in terms of disclosure, by ensuring that the landscape design includes specific environmental management measures and biodiversity goals. The clause addresses general physical climate risks by incorporating nature-based solutions, which can help mitigate a range of physical hazards such as flooding, heatwaves, and subsidence.",TRUE,3,"Physical-general, Transition-retrofit, Legal-disclosure"
Climate Aligned Construction Waste Management,0,0,0,0,0,0,0,0,0,0,1,1,0,0,0,0,0,0,0,0,0,0,0,0,0,"The clause focuses on ensuring that materials and waste management practices are aligned with climate goals, which helps reduce exposure to future retrofit obligations or disputes by clarifying roles and responsibilities. It also promotes the use of best practices and amendments to reduce waste, which is relevant to aligning with voluntary Net Zero or carbon standards.",TRUE,2,"Transition-retrofit, Transition-standards"
Climate Change Clauses for Heads of Terms,0,0,0,0,0,0,0,0,0,0,1,1,0,1,0,0,0,0,0,0,0,0,1,0,0,"This clause helps mitigate transition-related risks by promoting decarbonization and net-zero targets, which aligns with the transition to a low-carbon economy. It also includes measures to reduce greenhouse gas emissions, identify and implement opportunities for emissions reduction, and offset remaining emissions, which are key aspects of transition-retrofit. The clause also ensures that parties consider financial risks related to climate change, including physical, transition, and litigation risks, which aligns with transition-standards. Additionally, the requirement to disclose climate policy engagement and public policy positions that may support or undermine the goals of the Paris Agreement helps mitigate transition-disclosure risks. Lastly, the clause ensures that parties disclose relevant climate risks, which helps mitigate legal-disclosure risks.",TRUE,4,"Transition-retrofit, Transition-standards, Transition-disclosure, Legal-disclosure"
Climate Change Due Diligence Questionnaire for Suppliers,0,0,0,0,0,0,0,0,0,0,1,1,0,1,0,0,0,0,0,1,1,0,1,0,1,"This clause helps mitigate a variety of risks related to climate change and transition. It includes detailed questions about suppliers' climate strategies, targets, and disclosures, which are crucial for managing transition risks and ensuring compliance with relevant standards and regulations. The clause also addresses potential legal risks, such as negligence for failing to disclose or manage climate risks, and penalties for non-compliance. By requiring suppliers to provide information on their climate strategies and performance, it helps reduce the exposure to legal claims and penalties related to climate risks.",TRUE,7,"Transition-retrofit, Transition-standards, Transition-disclosure, Legal-penalties, Legal-negligence, Legal-disclosure, Legal-general"
Climate Checklist for Prospectuses and Other Public Offering Documents,0,0,0,0,0,0,0,0,0,0,0,0,0,1,0,0,0,0,0,0,0,0,1,0,0,"The clause focuses on helping issuers of debt securities to assess and disclose climate-related financial impacts, which aligns with the Task Force on Climate-related Financial Disclosures (TCFD) recommendations. This helps mitigate risks related to legal claims resulting from failure to disclose known or foreseeable climate risks (Legal-disclosure) and also addresses transition-related risks by ensuring that issuers are transparent about their climate-related risks and opportunities (Transition-disclosure).",TRUE,2,"Transition-disclosure, Legal-disclosure"
Climate Contract Risk Sharing (ex Force Majeure),0,0,0,0,0,0,0,0,0,0,1,0,0,0,0,0,0,0,1,0,0,0,1,0,1,"This clause helps mitigate transition-related risks by enabling parties to work together to balance financial risks and plan for climate and social impacts, which is relevant to future retrofit obligations and aligning with climate standards. It also addresses legal contract risks by ensuring that parties can manage performance failure or frustration of contract due to climate conditions, and it helps with disclosure by requiring parties to update their climate risk registers and consider the ongoing impact of their agreements on the environment. The clause's broad applicability to various climate-related issues makes it relevant to general legal exposure as well.",TRUE,4,"Transition-retrofit, Legal-contract, Legal-disclosure, Legal-general"
Climate Due Diligence Questionnaire for M&A Transactions,0,0,0,0,0,0,0,0,0,0,1,1,0,1,0,0,0,0,0,0,0,0,1,0,1,"This clause helps mitigate a variety of risks related to the transition to a low-carbon economy and climate-related legal exposure. It includes detailed questions about climate targets, sustainability policies, and climate risk assessments, which are crucial for disclosure and compliance with climate-related standards and regulations. The clause also addresses the integration of climate change into corporate strategy and governance, which can help reduce the risk of legal claims related to climate-related liabilities and non-compliance. Additionally, it covers the embedding of climate considerations into contracts and relationships, which can help manage legal risks related to performance and enforcement of contracts in the face of climate-related challenges.",TRUE,5,"Transition-retrofit, Transition-standards, Transition-disclosure, Legal-disclosure, Legal-general"
Climate Lobbying and Responsible Investments: Policy Requirements,0,0,0,0,0,0,0,0,0,0,0,0,0,0,0,0,0,0,0,0,0,0,0,0,0,Invalid JSON response,FALSE,0,
Climate Policy Footprint,0,0,0,0,0,0,0,0,0,0,0,1,0,1,0,0,0,0,0,0,0,0,0,0,0,"This clause helps reduce exposure to disclosure-related risks by requiring the disclosure of a company's climate policy engagement, including lobbying, financing, and sponsorship activities. It ensures that the company's activities are aligned with Paris Agreement goals, which is crucial for meeting regulatory and voluntary standards. By mandating the provision of climate-related information, it also helps manage reputational risks associated with not aligning to Net Zero or carbon standards.",TRUE,2,"Transition-standards, Transition-disclosure"
Climate Purchase Agreement and Underwriting Sponsor Warranties,0,0,0,0,0,0,0,0,0,0,0,1,0,1,0,0,0,0,1,0,0,0,1,0,0,"This clause primarily focuses on incorporating climate-related warranties and undertakings into underwriting, purchase, and sponsor agreements. It ensures that the company's environmental position and climate risk management practices are transparent and aligned with international standards and metrics. This helps mitigate transition-related disclosure risks by requiring the company to disclose its environmental performance and climate risk management practices. It also helps reduce exposure to legal claims resulting from failure to disclose known or foreseeable climate risks. Additionally, the clause helps reduce exposure to performance failure or frustration of contract due to climate conditions or adaptation burdens, as it ensures that the company is committed to continuous improvement and alignment with climate goals. Therefore, it applies to transition-disclosure, transition-standards, legal-disclosure, and legal-contract risk categories.",TRUE,4,"Transition-standards, Transition-disclosure, Legal-contract, Legal-disclosure"
Climate Purposed NDA Terms (Confidentiality Agreement),0,0,0,0,0,0,0,0,0,0,0,1,0,1,0,0,0,0,0,0,0,0,0,0,0,"This clause helps mitigate the risk of disclosure-related risks by ensuring that climate change and environmental issues are discussed at the outset of new commercial relationships. It also supports the transition to net zero targets by requiring parties to consider how to achieve the Climate Change Purpose as part of their discussions. This aligns with the transition to environmental standards and targets, thus reducing exposure to risks associated with not aligning to voluntary Net Zero or carbon standards.",TRUE,2,"Transition-standards, Transition-disclosure"
Climate Recitals,0,0,0,0,0,0,0,0,0,0,0,1,0,0,1,0,0,0,0,0,0,0,0,0,0,"The clause includes recitals that confirm the parties' intentions to align with the Paris Agreement and pursue decarbonization targets, which helps reduce exposure to reputational or commercial risks associated with not aligning to voluntary Net Zero or carbon standards (Transition-standards). Additionally, the clause addresses the general exposure to transition-related risks, including the pressure to decarbonize and the potential for regulatory uncertainty (Transition-general).",TRUE,2,"Transition-standards, Transition-general"
Climate Standard Transaction Terms,0,0,0,0,0,0,0,0,0,0,1,1,0,1,0,0,0,0,0,0,0,0,0,0,0,"The clause focuses on embedding sustainability goals and standards into the operations and management of a company, which aligns with transition-retrofit and transition-standards risk categories. It requires the company to adopt sustainability goals, set a framework for sustainability management, and report on its carbon footprint, which helps in managing transition-related risks. Additionally, the clause mandates the inclusion of climate-related disclosures in financial reporting, which is relevant to transition-disclosure risk.",TRUE,3,"Transition-retrofit, Transition-standards, Transition-disclosure"
Climate Standard of Care (Construction),0,0,0,0,0,0,0,0,0,0,1,1,0,0,0,0,0,0,1,0,0,0,0,0,0,"This clause helps mitigate transition-related risks by requiring contractors and service providers to adhere to best industry practices to mitigate climate risk and ensure that a construction project meets its decarbonization or net-zero objectives. It aligns the project with the goals of the Paris Agreement and ensures that the project can withstand physical climate risks. Additionally, it helps reduce exposure to performance failure or frustration of contract due to climate conditions or adaptation burdens, as it includes provisions for reporting and rectifying any issues related to net-zero objectives. This is reflected in the legal-contract category.",TRUE,3,"Transition-retrofit, Transition-standards, Legal-contract"
Commercial Lease: Alterations (improve environmental performance),0,0,0,0,0,0,0,0,0,0,1,1,0,0,0,0,0,0,0,0,0,0,1,0,0,"This clause helps mitigate transition-related risks by encouraging landlords and tenants to collaborate on environmental improvements and align with climate goals, such as net zero targets and the Paris Agreement objectives. It also ensures that tenants can make environmental improvements with the landlord's reasonable consent, which is crucial for retrofitting and aligning with climate standards. Additionally, the clause addresses legal disclosure by requiring tenants to provide evidence of environmental improvements and allowing landlords to request removal of such improvements if they negatively impact the investment value, reducing the risk of legal claims related to undisclosed climate risks.",TRUE,3,"Transition-retrofit, Transition-standards, Legal-disclosure"
Commercial Lease: Repairs and Alterations (circular economy),0,0,0,0,0,0,0,0,0,0,0,0,0,0,0,0,0,0,0,0,0,0,0,0,0,Invalid JSON response,FALSE,0,
Condition to Liability Cover for Climate-Related Claims (Commercial Insureds),0,0,0,0,0,0,0,0,0,0,1,1,1,0,0,0,0,0,0,0,0,0,1,0,0,"This clause helps mitigate exposure to transition-related risks by requiring the insured to have a robust net zero transition plan in place before accessing insurance liability cover for climate-related claims. This aligns the insured with voluntary Net Zero standards and regulatory expectations, reducing the risk of future retrofit obligations or disputes. Additionally, it helps reduce exposure to legal claims resulting from failure to disclose known or foreseeable climate risks, as the insured must demonstrate they are taking steps towards net zero. The clause also indirectly addresses regulatory compliance by ensuring the insured is prepared for potential future legal or policy changes affecting energy performance and adaptation.",TRUE,4,"Transition-retrofit, Transition-standards, Transition-regulatory, Legal-disclosure"
Conservation Covenant for Soil Preservation and Enhancement,0,0,0,0,0,0,0,0,1,0,1,0,0,0,0,0,0,0,0,0,0,0,1,0,0,"The clause helps mitigate general physical climate risks by focusing on soil preservation and enhancement, which can help in defense against flood and drought, and by addressing the long-term management of soil health. It also helps reduce exposure to future retrofit obligations by specifying the actions required to improve soil health and by defining the responsibilities of both the landowner and the responsible body. Additionally, the clause helps reduce exposure to legal risks related to disclosure by requiring the preparation and maintenance of soil health reports, which can be used to demonstrate compliance with the agreement and to disclose relevant climate-related information.",TRUE,3,"Physical-general, Transition-retrofit, Legal-disclosure"
Construction : Procuring Materials and Carbon Budgets,0,0,0,0,0,0,0,0,0,0,0,1,1,0,0,0,0,0,0,0,0,1,1,0,0,"This clause helps mitigate risks related to transition standards and regulatory compliance by setting a carbon budget and requiring the contractor to provide information on the climate impacts of materials used in construction. It also helps reduce exposure to legal claims related to disclosure of climate risks and insurance gaps, as it ensures that the contractor is aware of and adheres to the carbon budget, which could prevent claims for non-compliance or failure to disclose known risks.",TRUE,4,"Transition-standards, Transition-regulatory, Legal-insurance, Legal-disclosure"
Coolerplate Clauses (Climate Aligned Boilerplate),0,0,0,0,0,0,0,0,0,0,1,1,1,1,0,0,0,0,0,0,0,0,1,0,1,"The clause helps mitigate various transition-related risks by embedding climate issues and net zero targets into contracts, which can reduce exposure to future regulatory changes, compliance failures, and disclosure risks. It also includes provisions for consulting impacted parties, which can help manage legal exposure related to climate impacts. The clause ensures that parties are aware of and can disclose their climate strategies and targets, reducing the risk of legal claims related to misrepresentation or omission of relevant climate information. Additionally, the general nature of the clause addresses broader legal and regulatory uncertainties associated with climate change, making it a 'general' risk mitigation tool.",TRUE,6,"Transition-retrofit, Transition-standards, Transition-regulatory, Transition-disclosure, Legal-disclosure, Legal-general"
Debt Finance Clauses (and LMA Facility Amendments) Promoting Sustainable Water Usage,0,0,0,0,0,0,0,0,0,0,0,0,0,0,0,0,0,0,0,0,0,0,0,0,0,Invalid JSON response,FALSE,0,
ESG-Linked Pricing Adjustment for Derivatives Transactions,0,0,0,0,0,0,0,0,0,0,0,0,0,1,1,0,0,0,0,0,0,0,0,0,0,"This clause helps mitigate risks related to transition disclosure and general transition risks. By introducing sustainability-linked principles into derivatives documents, it encourages transparency and disclosure of ESG performance criteria. This can help reduce exposure to legal claims resulting from failure to disclose known or foreseeable climate risks (Legal-disclosure). Additionally, it aligns with broader sustainability goals, which is relevant to managing general exposure to transition-related risks (Transition-general), including regulatory uncertainty and decarbonisation pressure.",TRUE,2,"Transition-disclosure, Transition-general"
ESG Aligned Company Articles,0,0,0,0,0,0,0,0,0,0,0,1,0,0,1,0,0,0,0,0,0,0,0,0,0,"The clause mentions building ESG (Environmental, Social, and Governance) considerations into a company’s articles of association. This helps in reducing exposure to transition-related risks, including reputational or commercial risks associated with not aligning to voluntary Net Zero or carbon standards (Transition-standards). Additionally, since the clause is broad and can apply to various aspects of ESG, it also helps in managing general exposure to transition-related risks (Transition-general).",TRUE,2,"Transition-standards, Transition-general"
Employee Climate Engagement Provisions,0,0,0,0,0,0,0,0,0,0,1,1,0,0,0,0,0,0,0,0,0,0,0,0,0,"The clause focuses on employee engagement and training related to a company's net zero targets and sustainability goals, which aligns with transition standards and the need for future retrofitting to meet these targets. It ensures that employees are aware of and contribute to the company's climate ambitions, thereby reducing exposure to future retrofit obligations and disputes over compliance with net zero standards.",TRUE,2,"Transition-retrofit, Transition-standards"
Employer-Employee Environmental Obligations,0,0,0,0,0,0,0,0,0,0,1,1,0,0,0,0,0,0,0,0,0,0,1,0,0,"This clause helps mitigate transition-related risks by encouraging employees to engage in climate-conscious activities, which can contribute to the transition to net zero. It also aligns with voluntary Net Zero or carbon standards by promoting biodiversity, adaptation, and resilience to climate change. Additionally, the clause helps reduce exposure to legal claims resulting from failure to disclose known or foreseeable climate risks, as it ensures that the company is aware of and supports employees' climate-related activities.",TRUE,3,"Transition-retrofit, Transition-standards, Legal-disclosure"
Entire Business Net Zero Objectives,0,0,0,0,0,0,0,0,0,0,1,1,0,1,0,0,0,0,0,0,0,0,0,0,0,"This clause helps mitigate exposure to future retrofit obligations and disputes by requiring parties to develop and implement a Net Zero Transition Plan, which aligns with the 'Transition-retrofit' category. It also ensures that parties are aligned with voluntary Net Zero or carbon standards, which is covered under the 'Transition-standards' category. Additionally, the clause mandates the public disclosure of climate risks and opportunities, which helps reduce exposure to legal claims resulting from failure to disclose known or foreseeable climate risks, fitting into the 'Transition-disclosure' category.",TRUE,3,"Transition-retrofit, Transition-standards, Transition-disclosure"
"Environmental, Social and Governance (ESG) Based Performance Conditions for Employee Incentive Awards",0,0,0,0,0,0,0,0,0,0,1,1,0,0,0,0,0,0,0,0,0,0,1,0,0,"This clause helps mitigate transition-related risks by aligning the company's performance with ESG targets, which includes setting Net Zero targets and implementing sustainability practices. It also addresses future retrofit obligations by requiring the company to take specific actions to reduce emissions and improve sustainability. Additionally, the clause helps reduce exposure to legal claims related to disclosure by mandating the company to publish sustainability reports and disclose relevant information to stakeholders, thus reducing the risk of misrepresentation or omission of climate-related information.",TRUE,3,"Transition-retrofit, Transition-standards, Legal-disclosure"
Environmental Business Charter,0,0,0,0,0,0,0,0,0,0,1,1,0,1,0,0,0,0,0,0,0,0,1,0,1,"This clause helps mitigate several transition-related risks by promoting the adoption of Net Zero targets, embedding climate considerations into business practices, and ensuring transparency and disclosure. It aligns with the goals of the Paris Agreement and best practices, which helps reduce exposure to future regulatory changes and reputational risks. The clause also includes measures to ensure that the firm's activities and relationships are aligned with these goals, which can help reduce exposure to legal claims related to non-disclosure or non-compliance. Additionally, the emphasis on reporting and stakeholder engagement helps manage general legal exposure arising from climate risks.",TRUE,5,"Transition-retrofit, Transition-standards, Transition-disclosure, Legal-disclosure, Legal-general"
Environmental Targets for a Limited Partnership Agreement,0,0,0,0,0,0,0,0,0,0,0,0,0,0,0,0,0,0,0,0,0,0,0,0,0,Invalid JSON response,FALSE,0,
Facility Agreement Clauses Promoting Sustainability-Linked Loans within the Cement Industry,0,0,0,0,0,0,0,0,0,0,1,1,1,0,0,0,0,0,0,0,0,0,0,0,0,"This clause helps mitigate exposure to future retrofit obligations and disputes by clarifying the roles, responsibilities, and performance targets for the borrower in reducing emissions. It also helps reduce exposure to reputational or commercial risks associated with not aligning to voluntary Net Zero or carbon standards, as it sets specific sustainability targets and performance measures. Additionally, it helps reduce exposure to future legal or policy changes affecting energy performance or development rights by ensuring compliance with agreed-upon emissions reduction measures and targets, which could be impacted by regulatory changes.",TRUE,3,"Transition-retrofit, Transition-standards, Transition-regulatory"
Film Production: Carbon Footprint Disclosure,0,0,0,0,0,0,0,0,0,0,0,0,0,1,1,0,0,0,0,0,0,0,0,0,0,"This clause helps reduce exposure to disclosure-related risks, such as the failure to disclose the carbon footprint of the production, which is a key aspect of transition risk. It also helps manage general exposure to transition-related risks, including the pressure to decarbonize and the need to align with climate action goals, by encouraging the disclosure of the carbon footprint and raising public awareness. Therefore, it falls under both 'Transition-disclosure' and 'Transition-general' categories.",TRUE,2,"Transition-disclosure, Transition-general"
GHG Emissions Management Plans in Infrastructure and Construction Project Finance,0,0,0,0,0,0,0,0,0,0,1,1,1,1,0,0,0,0,0,0,0,0,0,0,0,"This clause is designed to integrate climate change mitigation into infrastructure and construction project finance, which helps reduce exposure to future retrofit obligations, aligns with voluntary Net Zero or carbon standards, and addresses regulatory changes. It also includes provisions for disclosing climate-related information, which helps mitigate risks associated with non-disclosure or misrepresentation of climate risks. The clause ensures that parties involved in the project are required to adopt GHG Emissions Management Plans and provide regular monitoring reports, which helps in staying compliant with regulatory standards and reducing the risk of non-compliance penalties.",TRUE,4,"Transition-retrofit, Transition-standards, Transition-regulatory, Transition-disclosure"
Gain-Share Incentive for Reducing GHG Emissions,0,0,0,0,0,0,0,0,0,0,1,1,0,1,0,0,0,0,0,0,0,0,0,0,0,"This clause helps mitigate transition-related risks by incentivizing a counterparty to reduce greenhouse gas emissions through a gain-share payment. It requires the measurement, management, and reporting of GHG emissions, which aligns with adopting industry best practices and standards (Transition-standards). The clause also ensures transparency and disclosure through the submission of GHG reports and external verification, reducing the risk of misrepresentation or omission of relevant climate transition information (Transition-disclosure). Additionally, it promotes retrofitting and decarbonization efforts by providing financial incentives for reducing emissions, thus reducing exposure to future retrofit obligations or disputes (Transition-retrofit).",TRUE,3,"Transition-retrofit, Transition-standards, Transition-disclosure"
General Condition to Commercial Insurance Policies: Climate Change Risk Assessment,0,0,0,0,0,0,0,0,1,0,0,0,0,0,1,0,0,0,0,0,0,0,1,0,0,"This clause helps mitigate 'Legal-disclosure' risks by requiring companies to conduct a climate change risk assessment and present it to their Board of Directors. This ensures that companies are aware of and can disclose their climate-related risks, reducing the likelihood of legal claims resulting from failure to disclose known or foreseeable climate risks. It also contributes to 'Transition-general' risks by fostering market understanding and behavioral norms in managing and mitigating climate-related risks, which can help companies adapt to future regulatory changes and pressures. Lastly, it addresses 'Physical-general' risks by prompting companies to identify and assess the climate-related risks to their business, which can help in managing general exposure to physical climate risks.",TRUE,3,"Physical-general, Transition-general, Legal-disclosure"
Green Acquisition Obligations,0,0,0,0,0,0,0,0,0,0,1,1,0,0,0,0,0,0,1,0,0,0,0,0,0,"This clause helps mitigate risks related to transition-retrofit by incentivizing the purchaser to maintain and improve the target company's green credentials post-acquisition. It also aligns with transition-standards by ensuring the company continues its progress towards net zero and climate targets. Additionally, it helps reduce exposure to legal-contract risks by defining conditions for the payment of the Repayable Consideration and providing a mechanism for dispute resolution, thus reducing the likelihood of performance failure or frustration of contract due to climate conditions or adaptation burdens.",TRUE,3,"Transition-retrofit, Transition-standards, Legal-contract"
Green Assured Shorthold Tenancy (AST) Clauses,0,0,0,0,0,0,0,0,0,0,1,0,0,0,0,0,0,0,0,0,0,0,1,0,0,"The clause helps mitigate transition-retrofit risks by incentivizing tenants to engage in sustainable practices and allowing landlords to install renewable energy solutions while the property is occupied. This encourages the retrofitting of properties to become more energy-efficient and sustainable. Additionally, the clause helps mitigate legal-disclosure risks by requiring tenants to provide evidence of their compliance with green occupation undertakings and allowing landlords to withdraw the green rent rebate if they believe the tenants are not complying. This ensures that both parties are transparent about the property's environmental performance and helps avoid disputes related to non-compliance.",TRUE,2,"Transition-retrofit, Legal-disclosure"
Green Company Articles,0,0,0,0,0,0,0,0,0,0,1,1,0,1,0,0,0,0,0,0,0,0,0,0,0,"The clause helps mitigate transition-related risks by promoting a company's commitment to addressing environmental issues and setting clear targets for emissions reduction and water management. It includes provisions for regular review and reporting of environmental performance, which can help the company align with voluntary Net Zero or carbon standards (Transition-standards). The requirement to prepare and audit an Environmental Report, which includes disclosures on governance, strategy, and risk management, helps reduce exposure to disclosure-related risks (Transition-disclosure). Additionally, the clause requires the company to consider the environmental impact of its operations and set targets for reducing emissions and water usage, which can help reduce the risk of future retrofit obligations or disputes (Transition-retrofit).",TRUE,3,"Transition-retrofit, Transition-standards, Transition-disclosure"
Green Dispute Reporting in After the Event Insurance Policies,0,0,0,0,0,0,0,0,0,0,0,0,0,0,0,0,0,0,0,0,0,0,1,0,1,"This clause helps mitigate legal disclosure risks by requiring the insured to comply with 'Environmental Best Practice' and to report any deviations to the insurer. It also helps manage general legal exposure by ensuring that the insured conducts disputes in an environmentally friendly manner, which can reduce legal costs and expenses. The clause provides a framework for the insured to seek approval for deviations from best practices, which can help in managing potential disputes and ensuring compliance with environmental standards.",TRUE,2,"Legal-disclosure, Legal-general"
Green Investment Obligations,0,0,0,0,0,0,0,0,0,0,1,1,0,1,0,0,0,0,0,0,0,0,0,0,0,"This clause helps mitigate transition-related risks by focusing on the investee company's climate change and environmental obligations, which includes setting and implementing a net-zero target, using renewable energy, and reporting sustainability information. It aligns the company with ESG and green investment standards, which is crucial for meeting future regulatory and market demands. Additionally, the clause requires the company to disclose climate risks and opportunities, which helps in reducing exposure to legal claims related to non-disclosure of climate risks. Therefore, it covers transition-retrofit, transition-standards, and transition-disclosure risk categories.",TRUE,3,"Transition-retrofit, Transition-standards, Transition-disclosure"
Green Litigation and Arbitration Protocols,0,0,0,0,0,0,0,0,0,0,1,0,0,1,0,0,0,0,0,0,0,0,0,0,1,"This clause helps mitigate various risks related to the transition to a low-carbon economy and the legal implications of climate change. It includes provisions for reducing greenhouse gas emissions, which align with transition-retrofit risks by promoting sustainable practices and reducing carbon footprints. It also includes measures for disclosure and reporting of emissions, which align with transition-disclosure risks by ensuring transparency and compliance with climate-related standards. Additionally, the clause addresses general legal exposure by promoting environmentally conscious practices, which can reduce the risk of legal disputes and penalties related to climate change impacts.",TRUE,3,"Transition-retrofit, Transition-disclosure, Legal-general"
Green Loan “Starter Pack”,0,0,0,0,0,0,0,0,0,0,0,1,0,1,0,0,0,0,0,0,0,0,0,0,0,"This clause helps mitigate exposure to transition-related risks by aligning the loan to the Green Loan Principles and the Paris Agreement Goals. It ensures that the use of proceeds, project selection, and reporting are managed in a way that supports green projects, which is crucial for meeting net zero standards. Additionally, it addresses the need for transparency and disclosure by requiring the Borrower to notify the Arrangers of any failure to comply with the Green Loan Framework, thereby reducing the risk of legal claims related to non-disclosure or greenwashing. This aligns with both the standards for green financing and the disclosure requirements, making it relevant for both 'Transition-standards' and 'Transition-disclosure' categories.",TRUE,2,"Transition-standards, Transition-disclosure"
Green Residential Lease Clauses,0,0,0,0,0,0,0,0,0,0,1,1,0,1,0,0,0,0,0,0,0,0,0,0,0,"The clause helps mitigate exposure to future retrofit obligations and disputes by clarifying roles and responsibilities for tenants and landlords in achieving net zero targets and improving the environmental performance of the property. It also aligns with the objectives of the Paris Agreement and imposes obligations on tenants to use the property in an environmentally conscious way, which helps reduce exposure to reputational or commercial risks associated with not aligning to voluntary Net Zero or carbon standards. Additionally, the clause requires tenants to provide information and cooperate with the landlord in relation to the environmental performance of the property, which helps reduce exposure to disclosure-related risks, such as misrepresentation or omission of relevant climate transition information.",TRUE,3,"Transition-retrofit, Transition-standards, Transition-disclosure"
Green Service Charge Provisions for Commercial Leases,0,0,0,0,0,0,0,0,0,0,1,1,0,0,0,0,0,0,0,0,0,0,1,0,0,"This clause helps mitigate risks related to transition to more sustainable practices and aligning with environmental standards. It allows landlords to include costs for improving the environmental performance of leased buildings in service charges, which can help address investor concerns and comply with environmental legislation. This aligns with the 'Transition-retrofit' and 'Transition-standards' categories. Additionally, the clause requires cooperation between the landlord and tenant to identify and implement strategies for improving environmental performance, which can help reduce exposure to legal claims resulting from the failure to disclose or plan for climate risks. This ties into the 'Legal-disclosure' category.",TRUE,3,"Transition-retrofit, Transition-standards, Legal-disclosure"
Green Shareholders’ Agreement,0,0,0,0,0,0,0,0,0,0,1,1,0,1,0,0,0,0,0,0,0,0,0,0,0,"This clause helps mitigate exposure to transition-related risks by aligning the company's operations with sustainability goals and net-zero targets. It includes clauses that mandate the setting of sustainability goals, the inclusion of sustainability performance in share option schemes and dividend policies, and the requirement for regular reporting on carbon footprint and sustainability performance. These measures are designed to incentivize and support the company's decarbonization efforts and ensure transparency, which aligns with transition standards and disclosure requirements. Additionally, the clause includes provisions for shareholder pre-emption rights and permitted transfers, which can help manage future retrofit obligations and disputes related to climate transition plans.",TRUE,3,"Transition-retrofit, Transition-standards, Transition-disclosure"
Green Shareholders’ Agreement (Short Form for SMEs),0,0,0,0,0,0,0,0,0,0,1,1,0,0,0,0,0,0,0,0,0,0,1,0,0,"This clause helps mitigate transition-related risks by aligning the operation and management of the company with climate change goals and net zero targets, which is crucial for SMEs to transition to more sustainable practices. It also includes provisions for carbon footprint management and offsetting, which can help in meeting regulatory and voluntary standards. Additionally, the clause requires regular reporting and evaluation of progress towards these goals, which can help in reducing exposure to legal claims related to failure to disclose or plan for climate risks.",TRUE,3,"Transition-retrofit, Transition-standards, Legal-disclosure"
Green Supplier Agreement Terms,0,0,0,0,0,0,0,0,0,0,1,1,1,0,0,0,0,0,0,0,0,0,0,0,0,"The clause focuses on reducing emissions across the value chain through collaboration, target setting, and reporting, which aligns with transition-retrofit by encouraging suppliers to adopt and comply with carbon footprint standards. It also helps reduce exposure to regulatory changes by ensuring compliance with future standards and requirements, thus mitigating transition-regulatory risks. Additionally, the clause promotes alignment with best practices and industry standards, which helps in meeting future regulatory standards, further supporting transition-standards.",TRUE,3,"Transition-retrofit, Transition-standards, Transition-regulatory"
Green Termination Provision (Short Form),0,0,0,0,0,0,0,0,0,0,1,1,0,0,0,0,0,0,0,0,0,0,1,0,0,"This clause helps mitigate 'Transition-retrofit' risks by allowing customers to switch to greener suppliers, which can encourage suppliers to improve their environmental practices and reduce carbon footprints. It also addresses 'Transition-standards' by embedding the assessment of green credentials into procurement processes, supporting parties in meeting their net zero targets. Additionally, it helps reduce 'Legal-disclosure' risks by requiring suppliers to provide information about their carbon footprint, environmental practices, and policies, which can prevent legal claims related to failure to disclose known or foreseeable climate risks.",TRUE,3,"Transition-retrofit, Transition-standards, Legal-disclosure"
Green Transaction Execution Protocols,0,0,0,0,0,0,0,0,0,0,1,0,0,1,1,0,0,0,0,0,0,0,0,0,0,"This clause focuses on promoting green transaction execution protocols that aim to reduce the carbon footprint of financial and corporate deals. It includes measures to reduce greenhouse gas emissions, promote sustainable practices, and align with climate goals. These actions help mitigate transition-related risks, such as retrofit obligations, by encouraging the adoption of sustainable behaviors and reducing the carbon footprint of transactions. Additionally, the clause helps with disclosure by requiring the measurement and reporting of greenhouse gas emissions, which can reduce the risk of legal claims related to the failure to disclose climate risks. Lastly, the general nature of the protocols and their alignment with climate goals help manage broader transition-related risks, including regulatory uncertainty and decarbonization pressure.",TRUE,3,"Transition-retrofit, Transition-disclosure, Transition-general"
Green or Sustainability-Linked Lending Requirement,0,0,0,0,0,0,0,0,0,0,1,1,0,0,0,0,0,0,0,0,0,0,0,0,0,"This clause helps reduce exposure to future retrofit obligations or disputes by clarifying roles, access, and upgrade responsibilities (Transition-retrofit). It also helps reduce exposure to reputational or commercial risks associated with not aligning to voluntary Net Zero or carbon standards (Transition-standards) by requiring lenders to confirm that a percentage of their lending is sustainable or 'green' finance.",TRUE,2,"Transition-retrofit, Transition-standards"
Greener and More Efficient HGVs in Road and Multimodal Transport Agreements,0,0,0,0,0,0,0,0,0,0,1,1,0,0,0,0,0,0,0,0,0,0,0,0,0,"This clause helps mitigate transition-related risks by requiring the use of energy-efficient vehicles and setting targets for reducing greenhouse gas emissions. It also aligns with voluntary net zero or carbon standards by specifying the use of ultra-low emissions vehicles (ULEVs) or net zero vehicles (ZEVs) and requiring the offsetting of emissions through verified projects. The clause ensures that the carrier continuously improves its operations and fleet renewal, which is crucial for adapting to future regulatory and market demands for reduced emissions.",TRUE,2,"Transition-retrofit, Transition-standards"
Heads of Terms for Landowner Collaboration on Environmental Schemes,0,0,0,0,0,0,0,0,0,0,0,0,0,0,0,0,0,0,0,0,0,0,0,0,0,Invalid JSON response,FALSE,0,
Incentives for Insured Parties to Disclose and Meet GHG Emissions Targets,0,0,0,0,0,0,0,0,0,0,1,0,1,1,0,0,0,0,0,0,0,0,0,0,0,"This clause helps mitigate transition-disclosure risks by incentivizing insured parties to disclose and meet GHG emissions targets, which can reduce the exposure to legal claims resulting from failure to disclose known or foreseeable climate risks. It also addresses transition-retrofit by encouraging the adoption of net-zero practices and engaging green suppliers, which can help reduce future retrofit obligations. Additionally, the clause aligns with regulatory expectations and standards, thus reducing exposure to regulatory changes and penalties, making it relevant for transition-regulatory risks.",TRUE,3,"Transition-retrofit, Transition-regulatory, Transition-disclosure"
Indigenous/ Local Knowledge in Board Director Appointments,0,0,0,0,0,0,0,0,0,0,0,0,0,0,0,0,0,0,0,0,0,0,1,0,1,"This clause helps mitigate legal disclosure risks by ensuring that companies appoint directors with Indigenous and traditional knowledge, which can enhance the company's understanding and disclosure of climate-related risks. It also helps manage general legal exposure by addressing the integration of diverse perspectives into corporate governance and decision-making, which can reduce the risk of legal disputes and non-compliance with regulatory requirements.",TRUE,2,"Legal-disclosure, Legal-general"
Insurance: Disclosure and Mitigation of Pending Climate Change Litigation,0,0,0,0,0,0,0,0,0,0,0,0,0,0,0,0,0,0,0,0,1,0,1,0,1,"The clause focuses on ensuring that the policyholder discloses its net zero targets, climate risk exposure, and measures to mitigate climate-related litigation. This helps reduce exposure to legal claims resulting from failure to disclose known or foreseeable climate risks (Legal-disclosure). It also addresses negligence claims for failing to identify, disclose, or plan for climate risks (Legal-negligence). Additionally, the clause helps manage general legal exposure arising from climate risks, including uncertainties and potential litigation (Legal-general).",TRUE,3,"Legal-negligence, Legal-disclosure, Legal-general"
Insurance Premium Adjustment for D&O Climate-related Financial Disclosures,0,0,0,0,0,0,0,0,0,0,0,0,0,1,0,0,0,0,0,0,0,0,1,0,0,"This clause helps mitigate legal disclosure risks by incentivizing companies to make accurate climate-related financial disclosures in their annual accounts. It ensures that companies are transparent about their climate-related risks and opportunities, which can reduce the risk of legal claims resulting from the failure to disclose known or foreseeable climate risks. Additionally, it aligns with the TCFD Recommendations and other environmental standards, promoting better disclosure practices and compliance with future legal requirements, which falls under transition disclosure risks.",TRUE,2,"Transition-disclosure, Legal-disclosure"
Intellectual Property: Free Licence for Climate Purposes,0,0,0,0,0,0,0,0,0,0,1,0,0,1,0,0,0,0,0,0,0,0,1,0,0,"This clause helps mitigate transition-related risks by facilitating the sharing of intellectual property for climate-related purposes, which can support the development of commercial solutions to minimize climate change. It also includes provisions for disclosure and reporting, which are crucial for transparency and compliance with climate-related standards and regulations. The clause requires the Licensee to provide annual updates on their activities and to make charitable donations, which can help in managing reputational and disclosure-related risks.",TRUE,3,"Transition-retrofit, Transition-disclosure, Legal-disclosure"
Interest Ratchet Clause for Carbon Saving,0,0,0,0,0,0,0,0,0,0,1,1,0,0,0,0,0,0,0,0,0,0,0,0,0,"This clause helps incentivize companies to reduce their greenhouse gas emissions by providing financial incentives through a lower cost of capital for achieving carbon savings targets. It aligns with transition-related standards and retrofits by encouraging companies to take action towards decarbonization, thereby reducing their exposure to future regulatory and reputational risks associated with not meeting net zero or carbon reduction targets.",TRUE,2,"Transition-retrofit, Transition-standards"
JCT Energy Efficiency and Environmental Obligations,0,0,0,0,0,0,0,0,0,0,1,1,1,0,0,0,0,0,0,0,0,0,0,0,0,"This clause focuses on energy efficiency and environmental obligations in construction projects, which aligns with transition-related risks such as retrofitting and aligning with voluntary Net Zero or carbon standards. It also addresses potential future regulatory changes by ensuring compliance with current and evolving environmental standards, thus reducing exposure to regulatory penalties and compliance failures.",TRUE,3,"Transition-retrofit, Transition-standards, Transition-regulatory"
Land: Sustainable Soil Management,0,0,0,0,0,0,0,0,0,0,1,1,0,0,0,0,0,0,0,0,0,0,1,0,1,"The clause focuses on sustainable soil management, which is a key aspect of transitioning to more sustainable business practices. It helps businesses align with best industry practices and standards, thereby reducing exposure to future regulatory changes and reputational risks. The clause also emphasizes the importance of disclosure and training, which can help mitigate legal risks related to the failure to disclose known or foreseeable climate risks. Additionally, the overarching nature of the obligations and the emphasis on just transition and sustainable practices suggest a broad approach to managing general legal and transition-related risks.",TRUE,4,"Transition-retrofit, Transition-standards, Legal-disclosure, Legal-general"
Landlord and Tenant Obligations to Create Additionality in Renewable Electricity Generation,0,0,0,0,0,0,0,0,0,0,1,1,0,0,0,0,0,0,0,0,0,0,0,0,0,"This clause helps reduce exposure to future retrofit obligations or disputes by clarifying roles, access, and upgrade responsibilities (Transition-retrofit). It also helps reduce exposure to reputational or commercial risks associated with not aligning to voluntary Net Zero or carbon standards (Transition-standards) by encouraging the installation of renewable energy equipment and the procurement of renewable energy through Power Purchase Agreements (PPAs) or green energy tariffs.",TRUE,2,"Transition-retrofit, Transition-standards"
Late Payment – Green Interest Remedies,0,0,0,0,0,0,0,0,0,0,1,0,0,1,0,0,0,0,0,0,0,0,1,0,0,"This clause helps mitigate 'Transition-retrofit' risks by encouraging parties to consider climate-positive behaviors and cascading these behaviors throughout their contractual documents. It also helps mitigate 'Transition-disclosure' risks by requiring the disclosure of the green interest rate remedies and the specific green bank or offset provider chosen. Additionally, it helps mitigate 'Legal-disclosure' risks by ensuring that the terms of the agreement, including the interest rate and the green bank or offset provider, are clearly specified and disclosed.",TRUE,3,"Transition-retrofit, Transition-disclosure, Legal-disclosure"
Lease: Renewable Energy Obligations,0,0,0,0,0,0,0,0,0,0,1,1,0,0,0,0,0,0,0,0,0,0,1,0,0,"This clause helps mitigate 'Transition-retrofit' risks by clarifying the roles and responsibilities of both the landlord and tenant in ensuring that the electricity supplied to the leasehold property is from renewable sources. It also addresses 'Transition-standards' by promoting emissions reductions and aligning with voluntary Net Zero or carbon standards through the use of renewable energy. Additionally, the clause helps mitigate 'Legal-disclosure' risks by requiring both parties to provide documentation on the energy sources used, which can help prevent claims of misrepresentation or omission of relevant climate transition information.",TRUE,3,"Transition-retrofit, Transition-standards, Legal-disclosure"
Low Carbon Arbitrations,0,0,0,0,0,0,0,0,0,0,1,0,0,1,1,0,0,0,0,0,0,0,0,0,0,"This clause helps mitigate transition-related risks by promoting sustainable practices in arbitration, which can reduce greenhouse gas emissions. It encourages the use of electronic documents and remote hearings, which are more environmentally friendly and can help reduce the carbon footprint of disputes. The clause also requires parties to disclose their emissions for air travel, which can help in better planning and reducing future emissions. This aligns with broader transition strategies and helps in managing general transition-related risks, including regulatory uncertainty and decarbonisation pressure.",TRUE,3,"Transition-retrofit, Transition-disclosure, Transition-general"
Management Equity Ratchet Terms,0,0,0,0,0,0,0,0,0,0,1,1,0,0,0,0,0,0,0,0,0,0,0,0,0,"This clause is designed to financially incentivize management teams to meet climate change and environmental targets. It helps reduce exposure to future retrofit obligations by aligning the interests of management with achieving these targets. Additionally, it helps reduce exposure to reputational or commercial risks associated with not aligning to voluntary Net Zero or carbon standards, as it ensures that the company is working towards meeting these standards through the conversion of shares based on performance.",TRUE,2,"Transition-retrofit, Transition-standards"
Modern Methods of Construction (MMC) and Net Zero Provisions for Construction or Development Agreements,0,0,0,0,0,0,0,0,0,0,1,1,0,0,0,0,0,0,0,0,0,0,0,0,0,"The clause focuses on incorporating modern methods of construction (MMC) and net zero aligned provisions into construction or development agreements. It addresses the retrofitting of materials and systems to meet net zero objectives, which helps reduce exposure to future retrofit obligations and disputes. Additionally, the clause ensures that materials and goods used in the works align with net zero standards, thus helping to reduce exposure to reputational or commercial risks associated with not aligning to voluntary Net Zero or carbon standards.",TRUE,2,"Transition-retrofit, Transition-standards"
Net Zero Aligned Construction Modifications,0,0,0,0,0,0,0,0,0,0,1,1,0,0,0,0,0,0,0,0,0,0,0,0,0,"The clause focuses on incentivizing 'Net Zero Modifications' to construction projects, which aligns with the transition to more sustainable and environmentally friendly practices. It helps reduce exposure to future retrofit obligations by encouraging the integration of net zero objectives into the construction process. Additionally, it supports alignment with voluntary Net Zero or carbon standards by requiring contractors to propose modifications that improve the carbon footprint of the project, thereby reducing exposure to reputational or commercial risks associated with not meeting such standards.",TRUE,2,"Transition-retrofit, Transition-standards"
Net Zero Completion Adjustment Clause,0,0,0,0,0,0,0,0,0,0,1,1,0,0,0,0,0,0,0,0,0,0,0,0,0,"The clause focuses on incentivizing the acquisition of a company to measure and reduce greenhouse gas emissions, which aligns with the transition to net zero emissions. It includes specific policies and methodologies for carbon footprinting and offsetting, which helps ensure compliance with carbon standards. This is relevant for reducing exposure to future retrofit obligations and disputes over carbon performance, as well as aligning with voluntary net zero or carbon standards.",TRUE,2,"Transition-retrofit, Transition-standards"
Net Zero Convertible Loan Note,0,0,0,0,0,0,0,0,0,0,1,1,0,1,0,0,0,0,0,0,0,0,0,0,0,"This clause helps mitigate exposure to future retrofit obligations and disputes by requiring the company to set a Net Zero Target and establish a Net Zero Transition Plan. It also helps reduce exposure to reputational or commercial risks associated with not aligning to voluntary Net Zero or carbon standards. Additionally, the clause requires the company to disclose climate-related information, which helps reduce exposure to legal claims resulting from failure to disclose known or foreseeable climate risks.",TRUE,3,"Transition-retrofit, Transition-standards, Transition-disclosure"
Net Zero Culture Employment Handbook,0,0,0,0,0,0,0,0,0,0,1,1,0,0,0,0,0,0,0,0,0,0,1,1,0,"This clause helps mitigate several transition-related risks by promoting a Net Zero culture and encouraging sustainable practices across various aspects of employment. It supports the transition to a low-carbon economy by setting ambitious climate action targets and involving all employees. This can help reduce exposure to future retrofit obligations and disputes by clarifying roles and responsibilities. Additionally, the clause helps manage legal exposure by reducing the risk of disclosure-related claims and unallocated consequences of breaching climate-related obligations. The detailed policies and training programs also help align the company with voluntary Net Zero standards, reducing reputational and commercial risks.",TRUE,4,"Transition-retrofit, Transition-standards, Legal-disclosure, Legal-breach"
Net Zero Land Promotion Agreement,0,0,0,0,0,0,0,0,0,0,1,1,0,0,0,0,0,0,1,0,0,0,1,0,0,"This clause helps mitigate several risks related to transition and legal exposure. It promotes the development of net zero objectives and aligns with UK targets, which helps in reducing exposure to regulatory and reputational risks associated with not meeting net zero standards. The clause also includes financial incentives and penalties for meeting these objectives, which helps in reducing the risk of performance failure or frustration of contract due to climate conditions or adaptation burdens. Additionally, the clause requires engagement with NGOs and the inclusion of covenants for net zero overage, which helps in reducing the risk of legal claims related to disclosure and enforcement of climate-related obligations.",TRUE,4,"Transition-retrofit, Transition-standards, Legal-contract, Legal-disclosure"
"Net Zero Obligations in FIDIC Engineering, Procurement and Construction (EPC) Contracts",0,0,0,0,0,0,0,0,0,0,0,0,0,0,0,0,0,0,0,0,0,0,0,0,0,Invalid JSON response,FALSE,0,
Net Zero Target Supply Chain Cascade Clauses,0,0,0,0,0,0,0,0,0,0,1,1,1,0,0,0,0,0,0,0,0,0,0,0,0,"This clause helps mitigate exposure to future retrofit obligations and disputes by clarifying roles, access, and upgrade responsibilities (Transition-retrofit). It also addresses the need to align with voluntary Net Zero or carbon standards (Transition-standards) by requiring suppliers to set their own Net Zero targets and develop transition plans. Additionally, it helps reduce exposure to future legal or policy changes affecting energy performance, adaptation, or development rights (Transition-regulatory) by ensuring that suppliers are held accountable for meeting net zero targets and providing regular updates and reports on their progress.",TRUE,3,"Transition-retrofit, Transition-standards, Transition-regulatory"
Net Zero Within Company Whistleblowing Policies,0,0,0,0,0,0,0,0,0,0,0,0,0,1,0,0,0,0,0,0,0,0,1,0,0,"This clause helps mitigate the risk of disclosure-related legal exposure by establishing a clear whistleblowing regime for climate-related issues. It ensures that employees and stakeholders can report concerns about climate risks, which can help companies proactively address and disclose these risks. By providing a structured process for handling and investigating these reports, the clause reduces the likelihood of legal claims arising from the failure to disclose known or foreseeable climate risks. This aligns with the broader goal of managing transition risks, particularly in the context of climate change and net zero commitments.",TRUE,2,"Transition-disclosure, Legal-disclosure"
Open Source Data Sharing: Enabling Sustainable Mobility for Cities,0,0,0,0,0,0,0,0,0,0,0,0,0,0,0,0,0,0,0,0,0,0,1,0,1,"The clause focuses on the sharing of personal data for climate purposes, which includes the disclosure of data related to mobility and environmental performance. It ensures that the data is shared lawfully, fairly, and transparently, which helps mitigate legal exposure to disclosure-related risks, such as misrepresentation or omission of relevant climate transition information. Additionally, the clause covers various aspects of data sharing agreements, making it relevant for general legal exposure to physical and transition climate risks.",TRUE,2,"Legal-disclosure, Legal-general"
Parametric Insurance Incentives for the Protection of Coral Reefs,0,0,0,0,0,0,1,0,0,0,0,0,0,0,0,0,0,0,0,0,0,1,0,0,0,"This clause is designed to incentivize the restoration of coral reefs after extreme weather events, which falls under the category of 'Physical-extreme-weather'. It helps to mitigate the risk of economic losses from climate-induced natural disasters by providing parametric insurance payouts. Additionally, it addresses the 'Legal-insurance' category by ensuring that the insurance policy is structured in a way that incentivizes the insured to take measures to protect the coral reefs, thereby reducing the likelihood of claims and potentially lowering premiums. This also helps to reduce the exposure to gaps in insurance coverage caused by unaddressed climate risks.",TRUE,2,"Physical-extreme-weather, Legal-insurance"
Paris Aligned Company Articles,0,0,0,0,0,0,0,0,0,0,1,1,0,1,0,0,0,0,0,0,0,0,0,0,0,"The clause focuses on aligning the company's business and operations with the Paris Agreement goals and implementing continuous, measured reductions in GHG emissions. This helps mitigate exposure to future retrofit obligations (Transition-retrofit) by ensuring the company is proactive in reducing its carbon footprint. It also addresses the need to align with voluntary Net Zero or carbon standards (Transition-standards) by requiring the company to set a Net Zero Target and implement an Offsetting Strategy. Additionally, the clause mandates the company to disclose its climate risks and opportunities in accordance with the recommendations of the International Financial Reporting Standards Foundation (IFRS), which helps reduce exposure to disclosure-related risks (Transition-disclosure).",TRUE,3,"Transition-retrofit, Transition-standards, Transition-disclosure"
Promotion of Carbon Sinks and Ecological Restoration in Lettings of Rural Land,0,0,0,0,0,0,0,0,0,0,1,1,0,0,0,0,0,0,0,0,0,0,1,0,0,"This clause helps mitigate risks related to transition to a low-carbon economy by promoting carbon sinks and ecological restoration, which aligns with transition standards and net-zero goals. It also helps reduce exposure to legal claims related to disclosure of climate risks, as it requires the tenant to comply with biodiversity objectives and manage the property in a way that protects the environment. Additionally, it ensures that the tenant discloses and manages climate benefits, which can help avoid legal disputes and misrepresentation claims.",TRUE,3,"Transition-retrofit, Transition-standards, Legal-disclosure"
Promotion of Regenerative Farming Methods through Profit of Pasturage Agreements,0,0,0,0,0,0,0,0,1,0,1,0,0,0,0,0,0,0,0,0,0,0,1,0,0,"This clause helps mitigate transition-related risks by promoting regenerative farming methods, which can be seen as a form of future-proofing the land against climate change impacts. It also includes covenants for good land management and biodiversity promotion, which can help disclose and mitigate physical climate risks. Additionally, the clause includes provisions for good faith management and covenants that can help reduce exposure to legal claims related to the disclosure of climate risks.",TRUE,3,"Physical-general, Transition-retrofit, Legal-disclosure"
Reducing Supply Chain Food Waste,0,0,0,0,0,0,0,0,0,0,1,0,0,1,0,0,0,0,0,0,0,0,1,0,0,"This clause focuses on reducing food waste in the supply chain and includes provisions for measuring, recording, and reporting on food waste. These elements help mitigate transition-related risks by promoting the adoption of more sustainable practices and ensuring transparency, which can reduce disputes and non-compliance issues. The clause also includes warranties and confidentiality agreements, which help reduce exposure to legal claims related to the accuracy and completeness of the data provided, aligning with the 'Legal-disclosure' category.",TRUE,3,"Transition-retrofit, Transition-disclosure, Legal-disclosure"
Repair or Refurbishment in Insurance Claims,0,0,0,0,0,0,0,0,1,0,0,0,0,0,0,0,0,0,0,0,0,1,0,0,0,"This clause helps reduce exposure to gaps in insurance coverage caused by unaddressed climate risks, which falls under 'Legal-insurance'. It also helps manage general exposure to physical climate risks, as it provides a mechanism for repairing or replacing damaged goods, which can be particularly relevant in the context of physical climate hazards such as storms, floods, or other extreme weather events, thus fitting under 'Physical-general'.",TRUE,2,"Physical-general, Legal-insurance"
Report on Title – Climate Change Clauses,1,0,1,1,0,0,0,0,1,0,1,0,0,1,0,0,0,0,1,0,0,0,1,0,0,"This clause helps mitigate various physical and transition climate risks by requiring a climate search that assesses the property for risks such as flooding, subsidence, and heat stress. It also helps in disclosing these risks to potential buyers or clients, thereby reducing the exposure to legal claims related to non-disclosure. Additionally, it provides recommendations for seeking professional advice, which can help in reducing the exposure to future retrofit obligations and contract performance failures due to climate conditions.",TRUE,8,"Physical-flooding, Physical-heat, Physical-subsidence, Physical-general, Transition-retrofit, Transition-disclosure, Legal-contract, Legal-disclosure"
SME’s Net Zero Objectives,0,0,0,0,0,0,0,0,0,0,1,1,0,1,0,0,0,0,0,0,0,0,0,0,0,"This clause helps mitigate exposure to transition-related risks by imposing obligations on parties to set and work towards net zero targets, develop and implement transition plans, and measure and report on their progress. It also addresses the need for regular training on climate change and sustainability, which can help align with voluntary standards and reduce the risk of non-compliance or misrepresentation. The clause requires public reporting and validation of targets, which helps in disclosing climate-related information and reducing the risk of legal claims due to failure to disclose known or foreseeable climate risks.",TRUE,3,"Transition-retrofit, Transition-standards, Transition-disclosure"
SPA/ Investment Agreement: Disclosure of Climate Change Plans,0,0,0,0,0,0,0,0,0,0,0,0,0,1,0,0,0,0,0,0,0,0,1,0,0,"This clause helps mitigate legal exposure related to disclosure of climate risks and transition plans. It requires detailed disclosures about climate change issues, including corporate strategy, net zero targets, carbon budgets, and climate risk registers. These requirements ensure that buyers and investors are well-informed about the climate risks and transition plans of the target company, reducing the risk of legal claims arising from misrepresentation or omission of relevant climate risks. This aligns with the 'Legal-disclosure' and 'Transition-disclosure' categories, as it focuses on ensuring transparency and accountability in climate-related matters.",TRUE,2,"Transition-disclosure, Legal-disclosure"
Securing Net Zero in Planning Development Projects,0,0,0,0,0,0,0,0,0,0,1,1,1,0,0,0,0,0,0,0,0,0,0,0,0,"This clause focuses on integrating Net Zero and climate-aligned considerations into planning development projects. It includes requirements for sustainability plans, net zero objectives, and whole life-cycle carbon assessments, which help in retrofitting buildings to meet future standards and regulatory requirements. The clause also ensures compliance with local planning policies and obligations, thereby reducing exposure to regulatory changes and non-compliance penalties.",TRUE,3,"Transition-retrofit, Transition-standards, Transition-regulatory"
Shareholder Resolutions Relating to a Company’s Climate Change Commitments,0,0,0,0,0,0,0,0,0,0,1,1,0,1,0,0,0,0,0,0,0,0,0,0,0,"The clause focuses on a company's climate change commitments and the establishment of an energy transition strategy, climate transition plan, or emissions reduction strategy. It requires the company to set short- and medium-term targets aligned with the Paris Agreement goals and to report progress annually. This helps mitigate risks related to future retrofit obligations (Transition-retrofit), as it ensures the company is taking steps to reduce emissions and align with net zero goals. It also addresses disclosure risks (Transition-disclosure) by requiring the company to report on its progress and engage with shareholders, ensuring transparency and accountability. Additionally, it helps manage risks associated with not aligning to voluntary Net Zero or carbon standards (Transition-standards) by requiring the targets to align with the Paris Agreement and the Science Based Targets Initiative.",TRUE,3,"Transition-retrofit, Transition-standards, Transition-disclosure"
Sponsorship agreement: Net Zero Outcome,0,0,0,0,0,0,0,0,0,0,1,1,0,1,0,0,0,0,0,0,0,0,0,0,0,"This clause focuses on promoting and incentivizing net zero targets and climate action, which helps reduce exposure to future retrofit obligations and disputes (Transition-retrofit) by encouraging early action. It also ensures that the parties align with voluntary Net Zero or carbon standards (Transition-standards) through specific actions and reporting requirements. Additionally, the clause requires the disclosure of progress towards net zero targets and the potential consequences of non-compliance, which helps reduce exposure to legal claims resulting from failure to disclose known or foreseeable climate risks (Transition-disclosure).",TRUE,3,"Transition-retrofit, Transition-standards, Transition-disclosure"
Stakeholder Company Climate Questionnaire,0,0,0,0,0,0,0,0,0,0,0,0,0,0,0,0,0,0,0,0,0,0,0,0,0,Invalid JSON response,FALSE,0,
Subcontractor/ Supplier Self-Assessment Climate Questionnaire (Construction),0,0,0,0,0,0,0,0,0,0,0,0,0,1,0,0,0,0,0,0,0,0,1,0,0,"The clause describes a self-assessment questionnaire for subcontractors and suppliers that focuses on climate change risks. This helps organizations set and publish expectations regarding climate change, which is relevant for transition-disclosure risk. Additionally, it outlines how personal information will be used and disclosed, which is crucial for managing legal-disclosure risks, such as avoiding misrepresentation or omission of relevant climate transition information.",TRUE,2,"Transition-disclosure, Legal-disclosure"
Supplier Environmental Threshold Obligations,0,0,0,0,0,0,0,0,0,0,1,0,0,0,0,0,0,0,1,0,0,0,1,0,0,"This clause helps mitigate 'Transition-retrofit' risks by requiring suppliers to develop and implement a plan for continuous improvement and quantifiable interim targets to reduce carbon emissions. It also ensures that these plans are legally enforceable and transparent, which can help avoid disputes and ensure compliance with climate-related goals. The clause also helps mitigate 'Legal-disclosure' risks by requiring suppliers to provide regular assessments and confirmations of their carbon footprint, which can help prevent legal claims related to misrepresentation or omission of climate risks. Lastly, it helps manage 'Legal-contract' risks by establishing clear conditions and obligations within supply agreements, which can reduce exposure to performance failure or frustration of contract due to climate conditions or adaptation burdens.",TRUE,3,"Transition-retrofit, Legal-contract, Legal-disclosure"
Supply: Renewable Energy Requirements,0,0,0,0,0,0,0,0,0,0,1,1,0,0,0,0,0,0,0,0,0,0,0,0,0,"This clause helps mitigate risks related to future retrofit obligations and aligning to voluntary Net Zero or carbon standards. By requiring the supplier/contractor to procure energy from renewable sources, it future-proofs contracts and aligns with the growing standard of using renewable energy, which is crucial for achieving net zero targets. This ensures that the supplier/contractor is prepared for future regulatory requirements and market trends, reducing the likelihood of disputes or non-compliance penalties.",TRUE,2,"Transition-retrofit, Transition-standards"
Supply: Termination for Greener Supplier,0,0,0,0,0,0,0,0,0,0,1,0,0,0,0,0,0,0,1,0,0,0,0,0,0,"This clause helps mitigate transition-related risks by encouraging suppliers to improve their environmental performance and providing a mechanism for customers to switch to greener suppliers if the current supplier cannot meet the required standards. It also helps reduce exposure to performance failure or frustration of contract due to climate conditions or adaptation burdens, as it ensures that suppliers can adapt to greener standards and provides a clear process for termination if they fail to do so. The clause is focused on contractual provisions and obligations, making it relevant to legal-contract risks.",TRUE,2,"Transition-retrofit, Legal-contract"
Supply Chain Emissions Scorecard,0,0,0,0,0,0,0,0,0,0,1,1,0,1,0,0,0,0,0,0,0,0,0,0,0,"The clause focuses on supply chain sustainability and the inclusion of a scorecard for sustainability performance. This helps in reducing exposure to future retrofit obligations or disputes by clarifying roles, access, and upgrade responsibilities (Transition-retrofit). It also ensures alignment with voluntary Net Zero or carbon standards, reducing exposure to reputational or commercial risks (Transition-standards). Additionally, the detailed reporting requirements and disclosure of climate-related information help in reducing exposure to legal claims resulting from failure to disclose known or foreseeable climate risks (Transition-disclosure).",TRUE,3,"Transition-retrofit, Transition-standards, Transition-disclosure"
Supply Chain Sustainable Land Use Clause and Questionnaire,0,0,0,0,0,0,0,0,0,0,1,0,0,1,0,0,0,0,0,0,0,0,1,0,0,"This clause helps mitigate transition-related risks by promoting sustainable land use and management practices, which can reduce the environmental impact of supply chains and align with Net Zero targets. It also helps mitigate legal risks related to disclosure by requiring suppliers to provide accurate and detailed information about their environmental practices and impacts, which can protect against claims of misrepresentation or omission. The clause ensures that both parties are aware of and can assess the environmental performance of the supplier, thereby reducing the risk of legal disputes arising from non-compliance or inadequate disclosure.",TRUE,3,"Transition-retrofit, Transition-disclosure, Legal-disclosure"
Sustainability-Linked Loans,0,0,0,0,0,0,0,0,0,0,1,1,0,1,0,0,0,0,0,0,0,0,0,0,0,"This clause helps mitigate transition-related risks by incorporating sustainability-linked loan principles into traditional financing documents. It mainstreams sustainability into lending, supporting lenders and borrowers to achieve their net zero targets. The clause includes Sustainability Performance Targets (SPTs) and Sustainability Compliance Certificates, which help ensure that the borrower is meeting its sustainability goals. This can reduce exposure to future retrofit obligations, as the borrower is committed to reducing its carbon footprint and improving sustainability. Additionally, the clause helps with disclosure by requiring the borrower to report on its sustainability performance and have it verified by a sustainability expert. This can reduce the risk of misrepresentation or omission of relevant climate transition information. Lastly, by aligning with the Loan Market Association’s Sustainability Linked Loan Principles, the clause helps reduce exposure to reputational or commercial risks associated with not aligning to voluntary Net Zero or carbon standards.",TRUE,3,"Transition-retrofit, Transition-standards, Transition-disclosure"
Sustainability Clauses in Supply Chain Contracts,0,0,0,0,0,0,0,0,0,0,0,0,0,0,0,0,0,0,0,0,0,0,0,0,0,Invalid JSON response,FALSE,0,
Sustainability Enterprise Delivery Measures within Construction Works Task Orders,0,0,0,0,0,0,0,0,0,0,1,1,0,0,1,0,0,0,0,0,0,0,0,0,0,"The clause focuses on establishing metrics and incentives for contractors and suppliers to work towards environmental and sustainability outcomes, particularly in the context of climate change. It includes specific Environmental Delivery Measures (EDMs) that encourage resilience to temperature increase, deconstruction for reuse, and delivering environmental net gain. These measures are designed to help contractors and suppliers align with climate-related targets and standards, thereby reducing exposure to future retrofit obligations, reputational risks, and general transition-related uncertainties.",TRUE,3,"Transition-retrofit, Transition-standards, Transition-general"
Sustainability Key Performance Indicators in Construction Works Task Orders,0,0,0,0,0,0,0,0,0,0,0,0,0,0,0,0,0,0,0,0,0,0,0,0,0,Invalid JSON response,FALSE,0,
Sustainability Reporting Clause for the Constitution of a Private Limited Company,0,0,0,0,0,0,0,0,0,0,0,0,0,1,0,0,0,0,0,0,0,0,1,0,0,"This clause helps mitigate the risk of disclosure-related legal exposure by ensuring that the company regularly reports on its sustainability performance. It mandates the production and publication of an Annual Sustainability Report, which is crucial for disclosing known or foreseeable climate risks to shareholders and the public. This aligns with the broader trend of increasing transparency and accountability in sustainability reporting, thereby reducing the risk of legal claims resulting from failure to disclose such information.",TRUE,2,"Transition-disclosure, Legal-disclosure"
Sustainable On Site Working Practices,0,0,0,0,0,0,0,0,0,0,1,1,0,0,0,0,0,0,0,0,0,0,1,0,0,"This clause focuses on sustainable working practices and the implementation of green technologies on construction sites. It helps reduce exposure to future retrofit obligations by encouraging the use of energy-efficient equipment and renewable energy sources, thus aligning with climate and sustainable standards. It also helps manage transition-related risks by promoting the adoption of green practices and aligning with voluntary Net Zero or carbon standards. Additionally, the clause requires the contractor to disclose and report on the implementation of these practices, which helps reduce exposure to legal claims resulting from failure to disclose known or foreseeable climate risks.",TRUE,3,"Transition-retrofit, Transition-standards, Legal-disclosure"
TV Production: Promotion of Sustainable Consumption and Travel,0,0,0,0,0,0,0,0,0,0,1,0,0,0,0,0,0,0,0,0,0,0,1,0,0,"The clause helps reduce exposure to future retrofit obligations by requiring the producer to use sustainable sources for items and travel, and to promote sustainable consumption and travel on-screen. This aligns with transition-related risks as it encourages the adoption of more sustainable practices. Additionally, the clause helps reduce exposure to legal claims resulting from failure to disclose known or foreseeable climate risks, as it mandates the promotion of sustainable practices and the use of environmentally friendly items and travel methods, which could be considered relevant climate risk information.",TRUE,2,"Transition-retrofit, Legal-disclosure"
Target Product Carbon Footprint (Schedule for Consumer Goods Contracts),0,0,0,0,0,0,0,0,0,0,1,1,0,1,0,0,0,0,0,0,0,0,0,0,0,"This clause focuses on setting and reducing the carbon footprint of products, which is directly related to transitioning to a low-carbon economy and aligning with climate goals. It includes provisions for continuous emissions reduction, which supports the transition to net zero targets and aligns with the Paris Agreement. The clause also includes mechanisms for adjusting prices and payment terms based on the carbon footprint, which helps in managing the financial implications of meeting these targets. Additionally, it requires the reporting of carbon footprints and the agreement on offsets, which helps in disclosing and managing climate-related risks, thereby reducing exposure to legal claims related to non-disclosure or misrepresentation of climate risks.",TRUE,3,"Transition-retrofit, Transition-standards, Transition-disclosure"
Template Board Paper for Significant Contracts/ Transactions,0,0,0,0,0,0,0,0,0,0,1,1,0,1,0,0,0,0,0,0,0,0,1,0,1,"This clause helps mitigate a variety of risks related to the transition to a low-carbon economy and climate resilience. It includes detailed prompts for considering the climate impacts of significant contracts and transactions, which aligns with transition-retrofit and transition-standards. The clause ensures that the company's strategy and targets are aligned with decarbonization and net-zero goals, which is crucial for transition-standards. It also includes a section on disclosure, ensuring that the company discloses relevant climate risks and impacts, which is essential for transition-disclosure. Additionally, the clause addresses legal exposure by ensuring that the company is transparent about its climate-related risks and impacts, which helps reduce legal-disclosure risks. Finally, the clause covers general legal and transition risks, making it relevant for legal-general.",TRUE,5,"Transition-retrofit, Transition-standards, Transition-disclosure, Legal-disclosure, Legal-general"
The Net Zero Standard for Suppliers,0,0,0,0,0,0,0,0,0,0,1,1,1,0,0,0,0,0,0,0,0,0,0,0,0,"This clause helps reduce exposure to future regulatory changes and compliance failures related to decarbonization targets and greenhouse gas (GHG) reporting. It includes provisions for measuring, managing, and reporting emissions, which aligns with voluntary Net Zero standards and can help suppliers meet regulatory requirements. Additionally, it addresses the cascading of obligations to the supply chain, which can help in future retrofitting efforts to reduce emissions. Therefore, it falls under the categories of transition standards, retrofit obligations, and regulatory compliance.",TRUE,3,"Transition-retrofit, Transition-standards, Transition-regulatory"
The ‘Green Supplier’ Contract – A Standardised Contractual Pricing Model,0,0,0,0,0,0,0,0,0,0,1,1,1,0,0,0,0,0,0,0,0,0,0,0,0,"The clause focuses on incentivizing suppliers to adopt environmental targets and reduce their carbon footprint, which aligns with transition-related risks. It includes specific sustainability objectives such as signing up to environmental standards, using low-carbon delivery systems, and reducing carbon footprints, which help mitigate exposure to future regulatory changes and the need for retrofitting. Additionally, the clause ensures compliance with standards and measures the performance against these targets, reducing exposure to regulatory penalties and reputational risks.",TRUE,3,"Transition-retrofit, Transition-standards, Transition-regulatory"
"Transparent Sourcing of Greener, Fairer Renewable Energy",0,0,0,0,0,0,0,0,0,0,0,0,0,0,0,0,0,0,0,0,0,0,0,0,0,Invalid JSON response,FALSE,0,