name,Physical-flooding,Physical-wildfire,Physical-heat,Physical-subsidence,Physical-sea-level,Physical-water-scarcity,Physical-extreme-weather,Physical-infrastructure,Physical-general,Transition-mees,Transition-retrofit,Transition-standards,Transition-regulatory,Transition-disclosure,Transition-general,Legal-mees,Legal-tort-liability,Legal-access,Legal-contract,Legal-penalties,Legal-negligence,Legal-insurance,Legal-disclosure,Legal-breach,Legal-general,justification,has_any_label
A Beginner’s Guide and Checklist for Accessing Sustainability-Linked Loans (SLLs),0,0,0,0,0,0,0,0,0,0,1,1,0,1,0,0,0,0,0,0,0,0,0,0,0,"This clause focuses on Sustainability-Linked Loans (SLLs) and the performance targets (SPTs) that borrowers must meet to receive financial incentives. It helps mitigate exposure to future retrofit obligations or disputes by clarifying roles, access, and upgrade responsibilities (Transition-retrofit). It also addresses the need to align with net zero transition standards and other sustainability objectives, reducing exposure to reputational or commercial risks associated with not aligning to voluntary Net Zero or carbon standards (Transition-standards). Additionally, the clause emphasizes the importance of disclosing sustainability performance and providing regular updates, which helps reduce exposure to legal claims resulting from failure to disclose known or foreseeable climate risks (Transition-disclosure).",True
"Allocating Scope 1, 2 and 3 Emissions for Leased Assets",0,0,0,0,0,0,0,0,0,0,1,0,0,1,0,0,0,0,0,0,0,0,0,0,0,"This clause helps mitigate transition-related risks by clarifying roles and responsibilities for measuring and reporting Scope 1, 2, and 3 emissions associated with leased assets. It ensures that both the Lessor and Lessee are accountable for accurate emissions data, which is crucial for improving the climate impact of the relevant assets. This transparency and allocation of responsibilities can help reduce the risk of missing, duplicating, or inaccurately reporting emissions, thereby supporting the transition to a low-carbon economy. Additionally, the clause addresses the risk of legal claims related to the disclosure of climate-related information, as it ensures that both parties have a clear understanding of their obligations in reporting emissions.",True
Auditing Water Usage in Supply Chains,0,0,0,0,0,0,0,0,0,0,0,0,0,0,0,0,0,0,0,0,0,0,0,0,0,Invalid JSON response,True
Avoiding Excessive Paperwork in Dispute Resolution,0,0,0,0,0,0,0,0,0,0,0,0,0,0,0,0,0,0,0,0,0,0,1,0,1,"This clause helps manage general legal exposure by promoting environmentally-friendly practices and addressing the carbon footprint of dispute resolution processes. It also helps reduce exposure to legal claims resulting from failure to disclose known or foreseeable climate risks, as it requires the calculation and offsetting of the carbon footprint associated with disputes. This aligns with the 'Legal-disclosure' category, as it ensures transparency and accountability in handling disputes in a manner that considers climate impacts.",True
Benchmarking of Project Greenhouse Gas Emissions,0,0,0,0,0,0,0,0,0,0,0,0,0,0,0,0,0,0,0,0,0,0,0,0,0,Invalid JSON response,True
Board Minutes: Consideration of Climate Change Factors,0,0,0,0,0,0,0,0,0,0,1,1,0,1,0,0,0,0,0,0,0,0,0,0,0,"This clause helps mitigate transition-related risks by encouraging directors to consider decarbonisation targets and climate risks as part of their decision-making process. It also includes specific drafting for purchasing carbon credits, which aligns the organization with voluntary standards and the UNFCCC clean development mechanism. This ensures that the organization is taking steps to reduce its carbon footprint and aligning with climate standards, thereby reducing exposure to future regulatory and reputational risks. Additionally, the clause addresses the disclosure of climate risks, which helps in reducing the exposure to legal claims resulting from failure to disclose such risks.",True
Board Paper Implementing Net Zero for SMEs,0,0,0,0,0,0,0,0,0,0,1,1,0,1,1,0,0,0,0,0,0,0,0,0,0,"The clause focuses on setting net-zero objectives and targets, which helps reduce exposure to future retrofit obligations and disputes by clarifying roles and responsibilities. It also aligns the company's strategy with net-zero standards, reducing exposure to reputational risks. Additionally, the emphasis on disclosure and transparency in reporting progress against net-zero targets helps mitigate risks related to disclosure-related claims. Since the clause covers a broad range of climate-related actions and strategies, it also helps manage general transition risks.",True
CLLS Certificate of Title: Climate Change Disclosures,0,0,0,0,0,0,0,0,1,0,1,0,0,0,0,0,0,0,0,0,0,0,1,0,0,"This clause helps mitigate legal disclosure risks by requiring voluntary climate change disclosures to investors, which can help avoid legal claims related to failure to disclose known or foreseeable climate risks. It also addresses transition risks by including provisions for energy efficiency improvements and green lease obligations, which can help reduce future retrofit obligations and disputes. Additionally, the clause provides general protection against physical climate risks by addressing potential impacts from weather events and other climate-related issues, even though specific hazards are not singled out.",True
Capital Markets ESG Due Diligence Questionnaire,0,0,0,0,0,0,0,0,0,0,0,0,0,1,0,0,0,0,0,0,0,0,1,0,1,"The clause focuses on a detailed due diligence questionnaire that requires companies to disclose information about their climate impact, decarbonisation plans, and risk management strategies. This helps mitigate transition-disclosure risks by ensuring companies are transparent about their sustainability and climate-related activities. It also helps reduce legal-disclosure risks by addressing potential legal claims related to the failure to disclose known or foreseeable climate risks. Additionally, the comprehensive nature of the questionnaire helps manage general legal exposure, including regulatory uncertainty and compliance issues.",True
"Carbon Contract Clauses for Environmental Performance, and Associated Incentives and Remedies",0,0,0,0,0,0,0,0,0,0,1,1,0,1,0,0,0,0,0,0,0,0,0,0,0,"The clause sets climate and environmental performance metrics for suppliers, which helps mitigate exposure to future retrofit obligations (Transition-retrofit) by incentivizing suppliers to meet emissions-reduction targets. It also aligns with voluntary Net Zero or carbon standards (Transition-standards) through the inclusion of decarbonization targets and interim targets. Additionally, the clause requires suppliers to provide annual emissions reports and disclose their performance, which helps reduce exposure to disclosure-related risks (Transition-disclosure) such as misrepresentation or omission of relevant climate transition information.",True
Carbon Footprint Reduction – Mutual Notification Right (Carbon Footprint Reduction Notice),0,0,0,0,0,0,0,0,0,0,1,0,0,1,1,0,0,0,0,0,0,0,0,0,0,"This clause helps mitigate transition-related risks by promoting mutual obligations to reduce carbon footprints, which is crucial for achieving net zero targets. It encourages proactive climate action and disclosure of carbon footprint reduction measures, which can help manage reputational and commercial risks. Additionally, it provides a framework for addressing climate-related issues in agreements, making it relevant for general transition risks as well.",True
Circular Economy Product Design Obligation,0,0,0,0,0,0,0,0,0,0,0,0,0,0,0,0,0,0,0,0,0,0,0,0,0,Invalid JSON response,True
Climate-Linked Contractual Discretions,0,0,0,0,0,0,0,0,0,0,1,1,0,1,0,0,0,0,0,0,0,0,0,0,0,"The clause helps reduce exposure to future retrofit obligations or disputes by clarifying roles, access, and upgrade responsibilities (Transition-retrofit). It also helps reduce exposure to reputational or commercial risks associated with not aligning to voluntary Net Zero or carbon standards (Transition-standards). Additionally, the clause helps reduce exposure to legal claims resulting from failure to disclose known or foreseeable climate risks (Transition-disclosure) by requiring parties to report on their achievement of climate objectives and the exercise of discretions based on these objectives.",True
Climate-Linked Product Surveillance,0,0,0,0,0,0,0,0,0,0,1,0,0,1,0,0,0,0,1,0,0,0,1,0,0,"This clause primarily focuses on the proactive assessment and adaptation to climate change impacts on product safety, which aligns with transition-related risks such as retrofitting and aligning with climate adaptation guidance. It also addresses the disclosure of climate-related information between contracting parties, reducing the risk of legal claims due to failure to disclose known or foreseeable climate risks. Additionally, the clause includes provisions for notifying each other of safety issues and taking corrective actions, which helps manage legal exposure related to contract performance and compliance with regulatory requirements.",True
Climate-Related Disclosure in Loans,0,0,0,0,0,0,0,0,0,0,0,0,0,0,0,0,0,0,0,0,0,0,0,0,0,Invalid JSON response,True
Climate-Related Knowledge Sharing Between Insurer and Insured,0,0,0,0,0,0,0,0,0,0,0,0,0,1,0,0,0,0,0,0,0,0,1,0,1,"This clause promotes knowledge sharing between insurers and insureds regarding climate-related risks and mitigation strategies. It helps mitigate transition-related disclosure risks by ensuring that both parties are informed about climate risks and steps to address them. Additionally, it helps reduce legal exposure to disclosure-related risks, such as misrepresentation or omission of relevant climate risks, by requiring regular reporting and meetings. The clause also addresses general legal exposure by fostering a proactive approach to climate risks, which can help in managing uncertainties and pressures associated with climate change.",True
Climate-Related Liability Cover (Commercial Insureds),0,0,0,0,0,0,0,0,1,0,0,0,0,0,0,0,0,0,0,0,0,0,0,0,0,"This clause provides cover for climate-related injury and property damage, which directly addresses potential legal liability claims (Legal-liability) that could arise from such events. It also helps manage general exposure to physical climate risks (Physical-general) by providing insurance coverage for damages caused by climate-related events, thereby reducing the physical impacts on properties and businesses.",True
Climate-Resilient Landscape Design Contracts,0,0,0,0,0,0,0,0,0,0,0,0,0,0,0,0,0,0,0,0,0,0,0,0,0,Invalid JSON response,True
Climate Aligned Construction Waste Management,0,0,0,0,0,0,0,0,0,0,1,1,0,0,0,0,0,0,0,0,0,0,0,0,0,"This clause focuses on ensuring that construction waste management practices are aligned with climate goals, which helps in reducing greenhouse gas emissions. It also incorporates climate-aligned waste management practices into construction contracts, which is relevant for future retrofitting and aligning with voluntary Net Zero or carbon standards. These aspects are directly related to transition-related risks, such as the need for future climate-aligned practices and the alignment with environmental standards.",True
Climate Change Clauses for Heads of Terms,0,0,0,0,0,0,0,0,0,0,1,1,0,1,0,0,0,0,0,0,0,0,1,0,1,"This clause helps mitigate risks related to transition by promoting decarbonization and net-zero targets, which aligns with transition standards and regulatory expectations. It also includes measures for identifying and mitigating climate risks, which helps in disclosure and compliance. The clause ensures that parties disclose their climate policy engagement and positions, reducing the risk of legal claims related to non-disclosure. Additionally, it covers general legal exposure by ensuring that parties consider climate risks in due diligence and take steps to mitigate them, thus reducing broader legal and regulatory risks.",True
Climate Change Due Diligence Questionnaire for Suppliers,0,0,0,0,0,0,0,0,0,0,1,1,0,1,0,0,0,0,0,0,0,0,1,0,1,"This clause helps mitigate a variety of transition-related risks by ensuring that suppliers are transparent about their climate strategies, targets, and performance. It includes questions about setting Net Zero targets, aligning with the Task Force on Climate-related Financial Disclosures, and reporting on sustainability policies and practices. This aligns with transition standards and helps manage disclosure risks. Additionally, it addresses legal risks related to disclosure, as it ensures that suppliers are aware of and prepared for potential climate-related liabilities and regulatory changes. The general nature of the questions also covers broader legal and transition risks.",True
Climate Checklist for Prospectuses and Other Public Offering Documents,0,0,0,0,0,0,0,0,0,0,0,0,0,0,0,0,0,0,0,0,0,0,0,0,0,Invalid JSON response,True
Climate Contract Risk Sharing (ex Force Majeure),0,0,0,0,0,0,0,0,0,0,1,0,0,0,1,0,0,0,1,0,0,0,0,0,1,"This clause helps mitigate transition-related risks by promoting cooperation between parties to manage financial and environmental impacts of climate change events and pandemics. It includes provisions for sharing financial risks, maintaining liquidity ratios, and mitigating carbon emissions, which are key aspects of transition planning. Additionally, it addresses legal exposure by ensuring that both parties work together to avoid performance failures and breaches of contract due to climate conditions, thereby reducing the risk of legal disputes. The clause also covers general exposure to climate risks, as it involves planning and mitigation strategies that are not specific to any one type of physical hazard.",True
Climate Due Diligence Questionnaire for M&A Transactions,0,0,0,0,0,0,0,0,0,0,1,1,0,1,0,0,0,0,0,0,0,0,1,0,1,"This clause helps mitigate a variety of risks related to the transition to a low-carbon economy and the legal exposure associated with it. It covers detailed climate-related disclosures, governance, and risk management, which are crucial for transition-related risks. The clause also ensures that the target company is transparent about its climate targets, emissions, and strategies, reducing the risk of legal claims related to disclosure. Additionally, it addresses general legal exposure by ensuring that the company is prepared for potential regulatory changes and climate-related liabilities.",True
Climate Lobbying and Responsible Investments: Policy Requirements,0,0,0,0,0,0,0,0,0,0,1,1,0,1,0,0,0,0,0,0,0,0,0,0,0,"This clause helps mitigate transition-related risks by ensuring that the counterparty (Party B) aligns its policies and practices with responsible climate engagement and leadership, including net zero goals and Paris Agreement alignment. It addresses standards and disclosure requirements by requiring Party B to maintain policies, regularly review investment alignment, set divestment targets, and provide evidence of compliance. Additionally, it includes provisions for independent audits and potential contract termination for non-compliance, which helps manage transition-related risks such as reputational and commercial risks associated with not aligning to voluntary Net Zero or carbon standards.",True
Climate Policy Footprint,0,0,0,0,0,0,0,0,0,0,0,1,0,1,0,0,0,0,0,0,0,0,0,0,0,"This clause helps mitigate exposure to transition-related risks by requiring detailed disclosures about a company's climate policy engagement, lobbying activities, and alignment with Paris Agreement goals. It ensures that the company is transparent about its climate-related activities and strategies, which is crucial for aligning with the Paris Agreement and other climate-related standards. This transparency can help reduce the risk of legal claims related to non-disclosure or misrepresentation of climate-related information, as well as reputational risks associated with not meeting voluntary Net Zero or carbon standards.",True
Climate Purchase Agreement and Underwriting Sponsor Warranties,0,0,0,0,0,0,0,0,0,0,0,0,0,1,0,0,0,0,1,0,0,0,1,0,0,"This clause helps mitigate exposure to disclosure-related risks by requiring the company to disclose its environmental position, performance, and record. It includes detailed warranties and undertakings related to climate risks and opportunities, which can help reduce the risk of legal claims resulting from failure to disclose known or foreseeable climate risks. Additionally, it helps reduce exposure to performance failure or frustration of contract due to climate conditions or adaptation burdens, as it ensures that the company is transparent and accountable in its climate risk management and reporting.",True
Climate Purposed NDA Terms (Confidentiality Agreement),0,0,0,0,0,0,0,0,0,0,0,1,0,1,0,0,0,0,0,0,0,0,0,0,0,"This clause helps mitigate transition-disclosure risks by ensuring that climate change and environmental issues are discussed at the outset of new commercial relationships. It also addresses transition-standards risks by enabling parties to align their commercial purposes with climate goals and targets, particularly in sectors with publicly stated net zero targets. The clause ensures that any information disclosed for these purposes is treated as confidential and subject to specific use and disclosure restrictions, which can help parties avoid legal claims related to the failure to disclose or plan for climate risks.",True
Climate Recitals,0,0,0,0,0,0,0,0,0,0,0,1,0,0,1,0,0,0,0,0,0,0,0,0,0,"The clause includes recitals that confirm the parties' intentions to decarbonize and align with the Paris Agreement, which are key aspects of transition standards. It also helps manage general exposure to transition-related risks, such as the pressure to reduce emissions and align with global climate goals, by making climate a central consideration in the contract. This can help mitigate risks associated with not meeting these standards and the broader pressures of decarbonization.",True
Climate Standard Transaction Terms,0,0,0,0,0,0,0,0,0,0,1,1,0,1,0,0,0,0,0,0,0,0,0,0,0,"This clause helps mitigate exposure to transition-related risks by promoting the adoption and implementation of sustainability goals and standards. It requires the company to align its operations with climate resilience and low carbon infrastructure, which is in line with the Paris Agreement commitments. The clause also mandates regular reporting and review of sustainability goals, carbon footprint, and climate risk management, which helps in disclosure and compliance with climate-related standards. Additionally, it includes provisions for carbon offsetting and compliance monitoring, which are crucial for reducing exposure to future regulatory and contractual disputes related to climate performance.",True
Climate Standard of Care (Construction),0,0,0,0,0,0,0,0,0,0,1,1,0,0,0,0,0,0,1,0,0,0,0,0,0,"This clause helps mitigate transition-related risks by requiring Contractors and Service Providers to adhere to best industry practices to mitigate climate risk and ensure that a construction project meets its decarbonisation or net-zero objectives. It aligns the construction project with the goals of the Paris Agreement and ensures that the project can withstand physical climate risks. Additionally, it helps reduce exposure to performance failure or frustration of contract due to climate conditions or adaptation burdens, as it specifies obligations and reporting requirements for achieving net-zero objectives. This makes it relevant for both transition-retrofit and transition-standards categories. Furthermore, it includes provisions for rectification and compliance, which help reduce exposure to legal claims related to contract performance and climate risk management.",True
Commercial Lease: Alterations (improve environmental performance),0,0,0,0,0,0,0,0,0,0,1,1,0,0,0,0,0,0,0,0,0,0,0,0,0,"The clause focuses on encouraging landlords and tenants to make environmental improvements and align with net zero targets, which helps mitigate the risk of future retrofit obligations and disputes. It also ensures that both parties are committed to climate goals and the Paris Agreement objectives, thereby reducing exposure to reputational or commercial risks associated with not aligning to voluntary Net Zero or carbon standards.",True
Commercial Lease: Repairs and Alterations (circular economy),0,0,0,0,0,0,0,0,0,0,1,1,0,0,0,0,0,0,0,0,0,0,0,0,0,"The clause focuses on promoting sustainable and circular economy principles in the repair, alteration, and development of properties. It encourages the use of reclaimed, reused, or recycled materials and aims to reduce greenhouse gas emissions, which aligns with net zero targets and the Paris Agreement objectives. This helps reduce exposure to future retrofit obligations and disputes by clarifying roles and responsibilities, and it also helps manage reputational risks associated with not aligning to voluntary Net Zero or carbon standards.",True
Condition to Liability Cover for Climate-Related Claims (Commercial Insureds),0,0,0,0,0,0,0,0,0,0,1,1,1,0,0,0,0,0,0,0,0,0,1,0,1,"This clause helps mitigate several risks related to transition and legal exposure. It requires the insured to have a robust net zero transition plan in place before accessing insurance for climate-related liability claims, which aligns with transition standards and regulatory requirements. This can help reduce exposure to future retrofit obligations and disputes, as well as reputational risks associated with not aligning to voluntary Net Zero or carbon standards. Additionally, by ensuring the insured has a transition plan, it helps mitigate the risk of legal claims arising from a failure to disclose or plan for climate risks, thus reducing legal disclosure risks. The clause also addresses general legal exposure by promoting good behavior and sustainability, which can help in managing broader climate-related risks.",True
Conservation Covenant for Soil Preservation and Enhancement,0,0,0,0,0,0,0,0,1,0,0,0,0,0,1,0,0,0,0,0,0,0,0,0,0,"The clause helps mitigate general physical climate risks by addressing soil preservation and enhancement, which can help in defending against flood and drought, and by reducing emissions from soil. It also helps manage general transition risks by promoting sustainable land use practices and aligning with climate change mitigation efforts, such as reducing chemical fertiliser use and promoting biodiversity. The covenant ensures long-term preservation and enhancement of soil health, which is crucial for adapting to and mitigating the impacts of climate change, and aligns with broader climate goals.",True
Construction : Procuring Materials and Carbon Budgets,0,0,0,0,0,0,0,0,0,0,1,0,0,1,0,0,0,0,0,0,0,1,0,1,0,"This clause helps mitigate several risks related to the transition to more sustainable practices and the disclosure of climate impacts. It sets a 'carbon budget' for construction projects, which incentivizes the use of sustainable materials and ensures that the total embodied GHG emissions do not exceed a specified limit. This aligns with the 'Transition-retrofit' category as it promotes the adoption of more sustainable practices. The clause also requires the Contractor to disclose the climate impacts of materials and goods, which is relevant to the 'Transition-disclosure' category. Additionally, the inclusion of liquidated damages for exceeding the carbon budget addresses potential legal disputes and insurance gaps, making it relevant to the 'Legal-insurance' and 'Legal-breach' categories.",True
Coolerplate Clauses (Climate Aligned Boilerplate),0,0,0,0,0,0,0,0,0,0,1,1,0,0,1,0,0,0,0,0,0,0,1,0,1,"This clause helps mitigate various transition-related risks by embedding climate issues and net zero targets into contracts, which can reduce exposure to future retrofit obligations, regulatory changes, and performance failures. It also addresses disclosure risks by requiring parties to disclose climate-related strategies and targets, and it manages general legal exposure by addressing contract management and dispute resolution in the context of climate risks. The clause ensures that parties consider climate change in their commercial conversations and cascades climate-positive behaviors throughout their contractual documents, thereby aligning with broader transition and disclosure standards.",True
Debt Finance Clauses (and LMA Facility Amendments) Promoting Sustainable Water Usage,0,0,0,0,0,0,0,0,0,0,1,0,0,1,0,0,0,0,0,0,0,0,0,0,0,"This clause helps reduce exposure to future retrofit obligations or disputes by clarifying roles and incentivizing borrowers to implement water reduction strategies and associated greenhouse gas emissions reduction. It also helps reduce exposure to disclosure-related risks, such as misrepresentation or omission of relevant climate transition information, by requiring the borrower to notify the agent of the water sustainability KPIs and provide evidence of meeting the KPIs.",True
ESG-Linked Pricing Adjustment for Derivatives Transactions,0,0,0,0,0,0,0,0,0,0,0,0,0,1,1,0,0,0,0,0,0,0,0,0,0,"The clause introduces sustainability-linked principles into derivatives documents, which can help manage general exposure to transition-related risks, including regulatory uncertainty or decarbonisation pressure. It also helps reduce exposure to disclosure-related risks, such as misrepresentation or omission of relevant climate transition information, by linking derivatives pricing to ESG performance criteria.",True
ESG Aligned Company Articles,0,0,0,0,0,0,0,0,0,0,0,1,0,0,1,0,0,0,0,0,0,0,0,0,0,"The clause helps reduce exposure to transition-related risks by embedding ESG (Environmental, Social, and Governance) considerations into a company’s articles of association. This can help align the company with voluntary Net Zero or carbon standards (Transition-standards), and also manage general exposure to the pressures of decarbonization and climate change (Transition-general).",True
Employee Climate Engagement Provisions,0,0,0,0,0,0,0,0,0,0,1,1,0,0,0,0,0,0,0,0,0,0,1,0,0,"This clause helps mitigate exposure to future retrofit obligations and disputes by clarifying roles and responsibilities for climate education and awareness-raising interventions. It also helps reduce exposure to reputational or commercial risks associated with not aligning to voluntary Net Zero or carbon standards. Additionally, it addresses the need for disclosure of climate-related information, which can help reduce exposure to legal claims resulting from failure to disclose known or foreseeable climate risks.",True
Employer-Employee Environmental Obligations,0,0,0,0,0,0,0,0,0,0,1,1,0,0,0,0,0,0,0,0,0,0,0,0,0,"This clause helps reduce exposure to future retrofit obligations and disputes by encouraging employees to engage in climate-conscious activities during their garden leave or sabbaticals. It also promotes alignment with voluntary Net Zero or carbon standards through the integration of climate-positive outcomes into the employment contract. By incentivizing and supporting employees in these activities, the clause helps companies contribute to the transition to a low-carbon economy and ensures that employees are engaged in climate-related initiatives, thereby reducing the risk of future compliance failures and disputes.",True
Entire Business Net Zero Objectives,0,0,0,0,0,0,0,0,0,0,1,1,0,1,0,0,0,0,0,0,0,0,0,0,0,"The clause focuses on requiring parties to set and implement net zero targets, develop transition plans, and regularly measure and report on their carbon footprint. This aligns with transition-retrofit as it ensures parties are taking steps to reduce their carbon emissions and align with net zero targets. It also addresses transition-standards by encouraging adherence to recognized standards and initiatives like the Science Based Targets initiative and the Carbon Trust Standard for Supply Chain. Additionally, the requirement to report on climate risks, opportunities, and policy engagement aligns with transition-disclosure, helping to manage the legal and reputational risks associated with failing to disclose and manage climate-related information.",True
"Environmental, Social and Governance (ESG) Based Performance Conditions for Employee Incentive Awards",0,0,0,0,0,0,0,0,0,0,0,0,0,0,0,0,0,0,0,0,0,0,0,0,0,Invalid JSON response,True
Environmental Business Charter,0,0,0,0,0,0,0,0,0,0,1,1,0,1,1,0,0,0,0,0,0,0,0,0,0,"This clause helps mitigate exposure to a variety of transition-related risks. It encourages firms to align their business practices with the goals of the Paris Agreement and best practices, which includes setting and working towards net zero targets. This aligns with the 'Transition-retrofit' category as it involves taking initial actions to deliver net zero targets and includes an offset strategy. It also falls under 'Transition-standards' as it promotes adherence to standards like the Science Based Targets initiative and the Race to Zero. The clause also includes requirements for transparency and disclosure, such as measuring and publishing GHG emissions and setting interim targets, which aligns with the 'Transition-disclosure' category. Lastly, it covers a broad range of transition-related activities and considerations, making it relevant to the 'Transition-general' category.",True
Environmental Targets for a Limited Partnership Agreement,0,0,0,0,0,0,0,0,0,0,0,0,0,0,0,0,0,0,0,0,0,0,0,0,0,Invalid JSON response,True
Facility Agreement Clauses Promoting Sustainability-Linked Loans within the Cement Industry,0,0,0,0,0,0,0,0,0,0,1,1,1,0,0,0,0,0,0,0,0,0,0,0,0,"This clause helps mitigate transition-related risks by promoting sustainability-linked loans and setting emissions reduction targets for the cement industry. It includes covenants, representations, and interest rate adjustments based on performance, which are key elements in transitioning to a low-carbon economy. The clause also ensures alignment with regulatory standards and future regulatory changes, thereby reducing exposure to regulatory uncertainties and compliance failures. Additionally, it sets specific performance targets and verification processes, which are crucial for meeting future regulatory requirements and maintaining a good reputation in the industry.",True
Film Production: Carbon Footprint Disclosure,0,0,0,0,0,0,0,0,0,0,0,0,0,1,0,0,0,0,0,0,0,0,1,0,0,"This clause helps mitigate transition-disclosure risks by requiring the disclosure of the carbon footprint generated by the production of the film/video. It ensures that this information is publicly available, which can help raise awareness and encourage positive action to reduce greenhouse gas emissions. Additionally, it helps mitigate legal-disclosure risks by addressing potential legal claims that may arise from the failure to disclose known or foreseeable climate risks, such as the carbon footprint of the production.",True
GHG Emissions Management Plans in Infrastructure and Construction Project Finance,0,0,0,0,0,0,0,0,0,0,1,0,1,1,0,0,0,0,1,0,0,0,1,0,0,"This clause helps mitigate various risks related to climate change and transition to a low-carbon economy. It incorporates climate change mitigation into environmental and social standards in finance transactions, which is crucial for managing regulatory uncertainty and ensuring compliance with future legal or policy changes. The clause also requires the adoption of GHG Emissions Management Plans and the submission of GHG Emissions Self-Monitoring Reports, which helps in disclosing climate-related risks and managing performance under contracts. Additionally, it includes provisions for corrective actions and site visits, which can help in addressing breaches and ensuring compliance, thereby reducing exposure to legal claims and penalties.",True
Gain-Share Incentive for Reducing GHG Emissions,0,0,0,0,0,0,0,0,0,0,1,0,0,1,0,0,0,0,0,0,0,0,0,0,0,"The clause introduces a gain-share payment for reducing greenhouse gas emissions, which incentivizes a counterparty to decarbonize. This helps mitigate future retrofit obligations as it encourages early action on reducing emissions. Additionally, the clause requires the measurement, management, and reporting of GHG emissions, which helps in disclosing climate-related risks, thereby reducing exposure to legal claims resulting from failure to disclose known or foreseeable climate risks.",True
General Condition to Commercial Insurance Policies: Climate Change Risk Assessment,0,0,0,0,0,0,0,0,1,0,0,0,0,0,1,0,0,0,0,0,0,0,1,0,0,"This clause helps mitigate legal disclosure risks by requiring companies to conduct a climate change risk assessment and present it to their Board of Directors. It also aids in managing general transition risks by promoting awareness and understanding of climate-related risks across various business sectors. Additionally, it addresses general physical risks by ensuring that businesses are better informed about the climate-related risks they face, which can help in managing and mitigating these risks.",True
Green Acquisition Obligations,0,0,0,0,0,0,0,0,0,0,1,1,0,0,0,0,0,0,1,0,0,0,0,0,0,"This clause helps mitigate exposure to future retrofit obligations and disputes by clarifying the roles and responsibilities of the purchaser in maintaining and improving the target company's green credentials post-acquisition. It also ensures that the company maintains a robust net zero transition plan, aligning with voluntary standards. Additionally, it reduces the risk of performance failure or frustration of contract due to climate conditions or adaptation burdens, as it ties the payment to the company's adherence to climate credentials and targets, thus protecting against legal disputes arising from contractual obligations.",True
Green Assured Shorthold Tenancy (AST) Clauses,0,0,0,0,0,0,0,0,0,0,1,0,0,0,0,0,0,0,0,0,0,0,1,0,0,This clause helps mitigate transition-retrofit risks by incentivizing tenants to engage in sustainable practices and allowing landlords to install renewable energy solutions while the property is occupied. It also helps reduce exposure to legal disclosure risks by requiring tenants to provide evidence of their compliance with green occupation undertakings and allowing landlords to withdraw the green rent rebate if they believe the tenants are not complying with the green practices.,True
Green Company Articles,0,0,0,0,0,0,0,0,0,0,1,1,0,1,0,0,0,0,0,0,0,0,0,0,0,"This clause helps mitigate transition-related risks by promoting a company's commitment to addressing environmental issues and setting clear targets for emissions reduction and water management. It includes provisions for regular review and reporting of environmental performance, which can help in aligning with Net Zero targets and Paris Agreement goals. The clause also ensures that the company maintains a reputation for high standards of business conduct and minimizes harmful impacts on the environment, which can reduce exposure to future regulatory changes and non-compliance penalties. Additionally, the requirement for an Environmental Report and its audit helps in disclosing climate-related information, reducing the risk of misrepresentation or omission of relevant climate transition information.",True
Green Dispute Reporting in After the Event Insurance Policies,0,0,0,0,0,0,0,0,0,0,0,0,0,0,0,0,0,0,0,0,0,1,0,0,0,"This clause is designed to ensure that disputes related to insurance policies are conducted in an environmentally friendly manner. It provides the insurer with greater visibility and control over how disputes are handled, which can help reduce legal costs and expenses. By requiring the insured to comply with 'Environmental Best Practice' and report any deviations, the clause helps mitigate the risk of disputes arising from non-compliance with environmental standards. This is particularly relevant for insurance policies that cover climate-related risks, thus reducing the exposure to potential legal claims and insurance gaps.",True
Green Investment Obligations,0,0,0,0,0,0,0,0,0,0,1,1,0,1,0,0,0,0,0,0,0,0,0,0,0,"The clause focuses on ensuring that the company and its founders take demonstrable steps to set and implement a net-zero target, align with sustainability goals, and report on climate risks and opportunities. This aligns with transition-related risks, including the need for future retrofitting to meet net-zero targets, the importance of disclosure to investors regarding climate-related information, and the alignment with voluntary standards and best practices. The clause also emphasizes the importance of sustainability reporting and the integration of ESG factors, which are key aspects of managing transition risks.",True
Green Litigation and Arbitration Protocols,0,0,0,0,0,0,0,0,0,0,1,0,0,1,0,0,0,0,0,0,0,0,0,0,1,"The clause focuses on reducing the environmental impact of legal proceedings and disputes, which can be seen as part of broader efforts to align with net zero targets and reduce greenhouse gas emissions. This aligns with the 'Transition-retrofit' category, as it helps reduce exposure to future retrofit obligations or disputes by clarifying roles, access, and upgrade responsibilities in the context of climate action. Additionally, the clause includes elements of disclosure and transparency, which are relevant to the 'Transition-disclosure' category, as it encourages the measurement and reporting of greenhouse gas emissions. Finally, the overall aim of reducing the environmental impact of legal proceedings can be seen as a general approach to managing legal exposure related to climate risks, fitting under the 'Legal-general' category.",True
Green Loan “Starter Pack”,0,0,0,0,0,0,0,0,0,0,0,1,0,1,0,0,0,0,0,0,0,0,0,0,0,"This clause helps mitigate transition-related risks by aligning the green loan to the Green Loan Principles and the Paris Agreement Goals. It ensures that the use of proceeds, project selection, and reporting are managed according to these standards, which can help reduce exposure to reputational or commercial risks associated with not aligning to voluntary Net Zero or carbon standards. Additionally, the clause requires the Borrower to notify the Arrangers of any failure to comply with the Green Loan Framework, which helps reduce exposure to legal claims resulting from failure to disclose known or foreseeable climate risks.",True
Green Residential Lease Clauses,0,0,0,0,0,0,0,0,0,0,1,1,0,0,0,0,0,0,0,0,0,0,1,0,0,"The clause helps mitigate transition-related risks by obliging tenants and buyers to use the property in an environmentally conscious way, aligning with net zero targets and the Paris Agreement objectives. It also includes provisions for data sharing and monitoring, which can help in achieving these standards. Additionally, the clause helps reduce exposure to legal risks related to disclosure by requiring tenants to provide information and cooperate with the landlord regarding environmental performance and sustainability initiatives.",True
Green Service Charge Provisions for Commercial Leases,0,0,0,0,0,0,0,0,0,0,1,0,0,1,0,0,0,0,0,0,0,0,1,0,0,"This clause helps mitigate transition-related risks by allowing landlords to include the costs of improving the environmental performance of leased buildings in service charges. This can address investor concerns about climate risk and compliance with environmental legislation, which is relevant to Transition-retrofit. Additionally, it requires cooperation between the landlord and tenant to identify and implement strategies for improving environmental performance, which can help manage disclosure risks, both to the tenant and to potential future investors or buyers. This aspect is relevant to Transition-disclosure and Legal-disclosure, as it ensures that both parties are transparent about their efforts to improve environmental performance.",True
Green Shareholders’ Agreement,0,0,0,0,0,0,0,0,0,0,1,1,0,1,0,0,0,0,0,0,0,0,0,0,0,"This clause helps mitigate transition-related risks by aligning the company's operations and management with climate change and sustainability goals. It includes clauses for setting and achieving sustainability goals, aligning share option schemes and dividend policies with these goals, and requiring regular reporting and review of the company's carbon footprint and progress towards net-zero targets. These provisions help the company and its shareholders prepare for and implement necessary retrofits and changes to meet sustainability standards, while also ensuring transparency and disclosure through mandatory reporting and shareholder oversight. This reduces exposure to risks related to regulatory changes, non-compliance, and reputational damage.",True
Green Shareholders’ Agreement (Short Form for SMEs),0,0,0,0,0,0,0,0,0,0,1,1,0,0,0,0,0,0,0,0,0,0,1,0,0,"The clause helps mitigate transition-related risks by aligning the operation and management of the company with climate change goals and promoting net zero transition plans. It also includes provisions for carbon footprint management and offsetting, which are key aspects of transitioning to a low-carbon economy. Additionally, it helps reduce exposure to legal claims related to disclosure by requiring the company and shareholders to act in good faith and provide evidence of compliance with carbon offsetting obligations, thereby reducing the risk of misrepresentation or omission of relevant climate transition information.",True
Green Supplier Agreement Terms,0,0,0,0,0,0,0,0,0,0,1,1,1,1,0,0,0,0,0,0,0,0,0,0,0,"The clause focuses on reducing emissions across the value chain through collaboration, target setting, and reporting, which aligns with transition-related risks. It encourages suppliers to adopt carbon footprint standards and measure, manage, and report their greenhouse gas emissions, which helps in aligning with regulatory requirements and standards. The clause also includes provisions for verification and reporting, which can help in disclosing climate-related information and reducing exposure to regulatory penalties and compliance failures. Additionally, the inclusion of emission reduction targets and incentives can help in reducing the exposure to future regulatory changes and performance failures.",True
Green Termination Provision (Short Form),0,0,0,0,0,0,0,0,0,0,1,0,0,1,1,0,0,0,0,0,0,0,0,0,0,"This clause helps mitigate exposure to transition-related risks by allowing customers to switch suppliers based on environmental performance, which supports their net zero targets and competitiveness. It also addresses disclosure of supplier's environmental practices and policies, reducing the risk of non-disclosure or misrepresentation. Additionally, it provides a general framework for assessing and switching suppliers based on environmental criteria, which is relevant for managing broader transition risks.",True
Green Transaction Execution Protocols,0,0,0,0,0,0,0,0,0,0,1,1,0,1,0,0,0,0,0,0,0,0,0,0,0,"The clause focuses on adopting green transaction execution protocols that promote a just transition to a low carbon economy and align with the goals of the Paris Agreement. It includes specific measures to reduce greenhouse gas emissions, such as minimizing paper use, reducing travel, and using electronic signatures. These actions help mitigate the risk of future retrofit obligations or disputes by clarifying roles and responsibilities, and they also help with transition standards by promoting net zero targets and sustainable behaviors. Additionally, the clause requires parties to disclose their adherence to these protocols, which helps reduce exposure to disclosure-related risks.",True
Green or Sustainability-Linked Lending Requirement,0,0,0,0,0,0,0,0,0,0,1,0,0,1,0,0,0,0,0,0,0,0,0,0,0,"This clause helps mitigate exposure to future retrofit obligations and disputes by clarifying roles and responsibilities related to sustainability-linked lending. It also addresses disclosure requirements, ensuring that lenders provide annual confirmation of their compliance with the Environmental Lender Requirement, which helps reduce exposure to legal claims resulting from failure to disclose known or foreseeable climate risks.",True
Greener and More Efficient HGVs in Road and Multimodal Transport Agreements,0,0,0,0,0,0,0,0,0,0,1,1,0,0,0,0,0,0,0,0,0,0,0,0,0,"This clause focuses on the use of energy-efficient vehicles and the reduction of greenhouse gas emissions in road and multimodal transport agreements. It requires carriers to use green HGVs and continuously improve operations to reduce emissions. This aligns with transition-related standards and helps ensure compliance with future environmental standards and regulations, thus reducing exposure to future retrofit obligations and reputational risks associated with not aligning to Net Zero or carbon standards.",True
Heads of Terms for Landowner Collaboration on Environmental Schemes,0,0,0,0,0,0,0,0,0,0,0,0,0,0,0,0,0,0,1,0,0,1,1,0,0,"This clause helps mitigate legal-disclosure risks by outlining the responsibilities of the parties involved in the environmental scheme, including how they will share receipts and manage activities on the land. It also helps manage legal-contract risks by defining the terms of the collaboration agreement, including the division of responsibilities and costs. Additionally, it addresses legal-insurance risks by specifying how costs associated with the scheme will be shared, which can help in ensuring that there are no gaps in insurance coverage due to unaddressed climate risks.",True
Incentives for Insured Parties to Disclose and Meet GHG Emissions Targets,0,0,0,0,0,0,0,0,0,0,1,0,1,1,0,0,0,0,0,0,0,0,0,0,0,"This clause helps mitigate transition-disclosure risks by incentivizing insured parties to disclose and meet GHG emissions targets, which can reduce the exposure to legal claims resulting from failure to disclose known or foreseeable climate risks. It also addresses transition-regulatory risks by promoting faster emissions reduction, which can help align with future regulatory requirements. Additionally, the clause can help reduce exposure to transition-retrofit risks by encouraging the adoption of green suppliers and renewable energy, which can facilitate future energy efficiency and decarbonization efforts.",True
Indigenous/ Local Knowledge in Board Director Appointments,0,0,0,0,0,0,0,0,0,0,0,0,0,1,0,0,0,0,0,0,0,0,1,0,1,"This clause helps mitigate legal disclosure risks by ensuring that companies appoint directors with Indigenous and traditional knowledge, which can provide valuable insights into climate and environmental issues. This can help reduce the exposure to legal claims resulting from the failure to disclose known or foreseeable climate risks. Additionally, the clause helps manage general legal and transition-related risks by promoting a more diverse and inclusive board composition, which can enhance the company's ability to address climate risks and transition to net zero. The emphasis on stakeholder engagement and consultation also supports better disclosure practices and aligns with best ESG governance principles.",True
Insurance: Disclosure and Mitigation of Pending Climate Change Litigation,0,0,0,0,0,0,0,0,0,0,0,0,0,0,0,0,0,0,0,0,1,1,1,0,0,"This clause helps mitigate legal disclosure risks by requiring the policyholder to disclose its net zero targets and climate risk exposure, which can reduce the likelihood of legal claims arising from the failure to disclose known or foreseeable climate risks. It also helps mitigate legal negligence risks by ensuring the policyholder discloses its exposure to climate change litigation and measures taken to mitigate risks, thereby reducing the chance of negligence claims for failing to identify or plan for such risks. Additionally, the clause addresses legal insurance risks by extending insurance policies to cover pending climate change litigation, ensuring that climate-related litigation is covered and reducing the risk of gaps in insurance coverage.",True
Insurance Premium Adjustment for D&O Climate-related Financial Disclosures,0,0,0,0,0,0,0,0,0,0,0,0,0,0,0,0,0,0,0,0,0,0,0,0,0,Invalid JSON response,True
Intellectual Property: Free Licence for Climate Purposes,0,0,0,0,0,0,0,0,0,0,1,0,0,1,0,0,0,0,0,0,0,0,0,0,0,"This clause helps mitigate transition-related risks by promoting the sharing and use of intellectual property for climate-related purposes, which can facilitate the development of commercial solutions to minimize climate change. It also includes provisions for reporting and charitable donations, which can help in disclosing the company's climate-related activities and progress, thereby reducing exposure to disclosure-related risks.",True
Interest Ratchet Clause for Carbon Saving,0,0,0,0,0,0,0,0,0,0,1,1,0,0,0,0,0,0,0,0,0,0,0,0,0,"This clause helps incentivize companies to reduce their greenhouse gas emissions by providing financial incentives through a lower cost of capital. It aligns with transition-related standards and retrofits by encouraging companies to take actions that reduce their carbon footprint, thereby supporting the transition to a decarbonized economy. The clause does not directly address physical climate risks but focuses on financial and operational measures to support climate action, which is relevant to both transition standards and retrofitting efforts.",True
JCT Energy Efficiency and Environmental Obligations,0,0,0,0,0,0,0,0,0,0,1,1,0,0,1,0,0,0,0,0,0,0,0,0,0,"This clause helps mitigate risks related to future retrofit obligations and the need to align with voluntary Net Zero or carbon standards. It obliges the Contractor to achieve specific energy efficiency ratings, use sustainable materials, and adopt environmentally friendly practices. These requirements are aimed at improving the energy efficiency, value, and marketability of built assets, and driving decarbonization in the construction sector. This aligns with transition-related risks, including regulatory uncertainty and the pressure to reduce carbon emissions. Additionally, the clause addresses general transition risks by promoting sustainable practices that may be required in the future.",True
Land: Sustainable Soil Management,0,0,0,0,0,0,0,0,0,0,1,1,0,1,0,0,0,0,0,0,0,0,0,0,0,"The clause focuses on sustainable soil management, which is a key aspect of transitioning to more sustainable business practices. It helps businesses align with best industry practices and standards, thereby reducing exposure to future regulatory changes and reputational risks. Additionally, by promoting the disclosure and management of soil-related risks, it helps mitigate the risk of legal claims arising from failure to disclose or address such risks.",True
Landlord and Tenant Obligations to Create Additionality in Renewable Electricity Generation,0,0,0,0,0,0,0,0,0,0,0,0,0,0,0,0,0,0,0,0,0,0,0,0,0,Invalid JSON response,True
Late Payment – Green Interest Remedies,0,0,0,0,0,0,0,0,0,0,1,0,0,1,0,0,0,0,0,0,0,0,1,0,0,"This clause helps mitigate transition-related risks by encouraging parties to consider climate-positive behaviors and cascade these behaviors throughout their contractual documents. It also helps in disclosure by directing payments to green causes or carbon offset providers, which can be seen as a form of disclosure of the parties' commitment to climate action. Additionally, it helps reduce exposure to legal claims resulting from failure to disclose known or foreseeable climate risks, as it ensures that payments are made to green causes or carbon offset providers, which can be seen as a proactive disclosure of the parties' commitment to addressing climate change.",True
Lease: Renewable Energy Obligations,0,0,0,0,0,0,0,0,0,0,1,1,0,0,0,0,0,0,0,0,0,0,0,0,0,This clause helps mitigate the risk of future retrofit obligations by ensuring that both the landlord and tenant are committed to using 100% renewable energy. It also addresses the transition to higher environmental standards by aligning the lease with the goal of reducing the carbon footprint of the leased buildings. This proactive approach to energy procurement can help both parties comply with future regulatory requirements and voluntary standards for sustainability and net zero emissions.,True
Low Carbon Arbitrations,0,0,0,0,0,0,0,0,0,0,1,0,0,1,1,0,0,0,0,0,0,0,0,0,0,"This clause helps mitigate risks related to transition by promoting sustainable practices in arbitration, which can reduce greenhouse gas emissions and align with broader decarbonization efforts. It also addresses disclosure of emissions, which is crucial for transparency and compliance with climate-related standards. Additionally, the clause covers general transition risks by encouraging electronic document exchange and remote hearings, which can reduce the carbon footprint and align with evolving climate-related regulatory expectations.",True
Management Equity Ratchet Terms,0,0,0,0,0,0,0,0,0,0,1,1,0,0,0,0,0,0,0,0,0,0,0,0,0,"This clause is designed to financially incentivize management teams to meet climate change and environmental targets. It helps reduce exposure to future retrofit obligations or disputes by clarifying roles and responsibilities, which aligns with the 'Transition-retrofit' category. Additionally, by linking management incentives to climate-related targets, it encourages alignment with environmental standards, which is relevant to the 'Transition-standards' category.",True
Modern Methods of Construction (MMC) and Net Zero Provisions for Construction or Development Agreements,0,0,0,0,0,0,0,0,0,0,1,1,0,1,0,0,0,0,0,0,0,0,0,0,0,"This clause helps mitigate risks related to transitioning to modern methods of construction (MMC) and achieving net zero objectives, which are key aspects of retrofitting and aligning with sustainability standards. It includes provisions for embedding sustainability into contracts, managing carbon budgets, and ensuring compliance with net zero objectives. Additionally, the clause requires the disclosure of climate impacts and the provision of regular reports, which helps in managing disclosure-related risks.",True
Net Zero Aligned Construction Modifications,0,0,0,0,0,0,0,0,0,0,1,1,0,0,0,0,0,0,0,0,0,0,0,0,0,"This clause helps mitigate risks related to future retrofit obligations and aligning to voluntary Net Zero standards. It incentivizes building contractors to propose Net Zero modifications, which are essential for future-proofing buildings against climate change impacts. The clause also ensures that these modifications are aligned with the project's Net Zero objectives, thereby reducing exposure to future regulatory and reputational risks.",True
Net Zero Completion Adjustment Clause,0,0,0,0,0,0,0,0,0,0,1,1,0,0,0,0,0,0,0,0,0,0,0,0,0,"The clause focuses on incentivizing the acquisition of a company to measure and reduce greenhouse gas emissions as part of a net zero transition. It includes provisions for adjusting the purchase price based on the company's carbon performance, which aligns with the goals of reducing emissions and aligning with net zero standards. This helps mitigate the risk of future retrofit obligations and disputes related to not meeting these standards.",True
Net Zero Convertible Loan Note,0,0,0,0,0,0,0,0,0,0,1,1,0,0,0,0,0,0,0,0,0,0,0,0,0,"This clause helps mitigate exposure to future retrofit obligations and disputes by requiring the company to set a Net Zero Target and implement a Net Zero Transition Plan. It also helps reduce exposure to reputational or commercial risks associated with not aligning to voluntary Net Zero or carbon standards, as it mandates the company to take specific actions related to sustainability and carbon footprint reduction.",True
Net Zero Culture Employment Handbook,0,0,0,0,0,0,0,0,0,0,1,1,0,0,0,0,0,0,0,0,0,0,1,1,0,"This clause helps mitigate several risks related to transition and legal exposure. It promotes a Net Zero culture and includes policies on flexible working, sustainable procurement, and environmental training, which are key to transitioning to a low-carbon future. This aligns with transition-retrofit and transition-standards categories as it ensures that employees are trained and encouraged to adopt sustainable practices, and the company is committed to meeting net zero targets. Additionally, the clause includes a whistleblowing policy and disciplinary measures for environmental misconduct, which help reduce the risk of legal claims and breaches of environmental and legal obligations. This is relevant to legal-disclosure and legal-breach categories as it ensures that employees are aware of and comply with environmental policies and can report any non-compliance or misconduct.",True
Net Zero Land Promotion Agreement,0,0,0,0,0,0,0,0,0,0,1,1,0,0,0,0,0,0,0,0,0,0,1,0,1,"The clause helps mitigate several risks related to transition and legal exposure. It promotes the adoption of net zero objectives and green planning strategies, which aligns with transition standards and helps reduce exposure to regulatory uncertainty and the need for future retrofits. Additionally, it includes provisions for disclosure and engagement with NGOs, which helps reduce the risk of legal claims related to the failure to disclose known or foreseeable climate risks. The overall clause also addresses general legal exposure, including potential disputes and performance failures due to climate conditions or adaptation burdens.",True
"Net Zero Obligations in FIDIC Engineering, Procurement and Construction (EPC) Contracts",0,0,0,0,0,0,0,0,0,0,0,0,0,0,0,0,0,0,0,0,0,0,0,0,0,Invalid JSON response,True
Net Zero Target Supply Chain Cascade Clauses,0,0,0,0,0,0,0,0,0,0,1,1,1,0,0,0,0,0,0,0,0,0,1,0,1,"This clause helps mitigate various transition-related risks by ensuring that suppliers align their operations with a business's net zero targets. It requires suppliers to set their own net zero targets, develop transition plans, and report on their progress, which supports compliance with regulatory standards and voluntary net zero commitments. The clause also addresses potential legal exposure by requiring suppliers to disclose climate-related risks and opportunities, and by providing mechanisms for addressing non-compliance, such as termination or financial penalties. Additionally, it helps manage general legal exposure by clarifying responsibilities and obligations in the context of climate-related targets and performance.",True
Net Zero Within Company Whistleblowing Policies,0,0,0,0,0,0,0,0,0,0,0,0,0,1,0,0,0,0,0,0,0,0,1,0,0,"This clause helps mitigate the risk of legal claims resulting from failure to disclose known or foreseeable climate risks, which falls under the 'Legal-disclosure' category. Additionally, it helps reduce exposure to disclosure-related risks, such as misrepresentation or omission of relevant climate transition information, which aligns with the 'Transition-disclosure' category. The clause ensures that companies have a robust whistleblowing regime in place to address climate-related issues, thereby promoting transparency and disclosure of such issues.",True
Open Source Data Sharing: Enabling Sustainable Mobility for Cities,0,0,0,0,0,0,0,0,0,0,0,0,0,0,0,0,0,0,1,0,0,0,1,0,0,"This clause helps mitigate legal disclosure risks by ensuring that the Data Discloser and Data Receiver clearly understand the purposes for which the Shared Personal Data will be used, and by providing clear information to Data Subjects about the purposes and risks of data sharing. It also helps manage legal contract risks by setting out the terms and conditions for data sharing, including responsibilities, data retention, and termination conditions, which can reduce exposure to performance failure or frustration of contract due to climate conditions or adaptation burdens.",True
Parametric Insurance Incentives for the Protection of Coral Reefs,0,0,0,0,0,0,1,0,0,0,0,0,0,0,0,0,0,0,0,0,0,1,0,0,0,"This clause helps mitigate exposure to extreme weather events by providing a parametric insurance policy that pays out in the event of a Primary Triggering Event or Aggregate Wind Speed Event. It also helps reduce exposure to gaps in insurance coverage caused by unaddressed climate risks, as it incentivizes the insured to take measures to protect coral reefs, potentially reducing the likelihood and impact of such events. The clause is specifically designed to address the financial and insurance-related risks associated with climate-induced natural disasters.",True
Paris Aligned Company Articles,0,0,0,0,0,0,0,0,0,0,0,0,0,0,0,0,0,0,0,0,0,0,0,0,0,Invalid JSON response,True
Promotion of Carbon Sinks and Ecological Restoration in Lettings of Rural Land,0,0,0,0,0,0,0,0,0,0,1,0,0,1,0,0,0,0,0,0,0,0,1,0,0,"This clause helps mitigate transition-related risks by promoting carbon sinks and ecological restoration, which aligns with transition strategies to reduce greenhouse gas emissions and enhance carbon sequestration. It also helps with disclosure by requiring the tenant to create and comply with a Nutrient Management Plan, Integrated Pest Management Plan, and Environmental Management Plan, which can ensure that the tenant discloses relevant climate-related information to the landlord. Additionally, the clause includes provisions for compensation and valuation of climate benefits, which can help reduce exposure to legal claims related to the disclosure of such benefits.",True
Promotion of Regenerative Farming Methods through Profit of Pasturage Agreements,0,0,0,0,0,0,0,0,0,0,1,0,0,0,0,0,0,0,0,0,0,0,1,0,1,"The clause promotes regenerative farming methods, which can help in transitioning to more sustainable practices. This aligns with the 'Transition-retrofit' category as it involves clarifying roles and responsibilities for future environmental improvements. Additionally, the clause includes covenants for maintaining the land in a good condition and using natural fertilizers, which can help in reducing the risk of legal claims related to environmental damage or non-disclosure of environmental risks. The overall clause also helps manage general legal exposure by promoting good faith and clear agreements between parties, which can reduce disputes and liabilities related to climate risks.",True
Reducing Supply Chain Food Waste,0,0,0,0,0,0,0,0,0,0,1,0,0,1,0,0,0,0,0,0,0,0,1,0,0,"This clause focuses on reducing food waste within a supply chain, which can be seen as a transition-related activity aimed at improving sustainability and reducing greenhouse gas emissions. By promoting the measurement and reporting of food waste, the clause helps in disclosing climate-related information, which is crucial for transparency and compliance. This aligns with the transition-retrofit category as it encourages the adoption of practices to reduce waste and improve sustainability. Additionally, the clause requires the provision of data and reports, which helps in mitigating legal risks related to disclosure, such as misrepresentation or omission of relevant climate transition information, fitting the legal-disclosure category.",True
Repair or Refurbishment in Insurance Claims,0,0,0,0,0,0,0,0,1,0,0,0,0,0,0,0,0,0,0,0,0,1,0,0,0,"This clause helps reduce exposure to gaps in insurance coverage by allowing insurers to repair or replace damaged goods with refurbished alternatives, which can be more cost-effective. This reduces the financial burden on the insurer and, by extension, the insured. The clause also addresses physical risks by providing a mechanism for handling damage from various sources, thus reducing the overall exposure to physical climate risks. This is particularly relevant for risks that are not specifically categorized, such as general physical damage from extreme weather events or other hazards.",True
Report on Title – Climate Change Clauses,1,0,0,1,0,0,0,0,1,0,1,0,0,0,0,0,0,0,1,0,0,0,1,0,0,"This clause helps mitigate various physical climate risks such as flooding and subsidence, which are explicitly listed as physical risks. It also addresses general physical risks through the climate search and recommendations for future resilience. The clause supports transition risks by recommending advice on insurability and property value, which are crucial for future-proofing properties. Additionally, it helps reduce exposure to legal risks by ensuring disclosure of climate risks and advising on potential contract performance issues due to climate conditions. The clause also addresses the legal exposure related to the client's decision not to commission a climate search, thus reducing the risk of liability for undisclosed climate risks.",True
SME’s Net Zero Objectives,0,0,0,0,0,0,0,0,0,0,1,1,0,1,0,0,0,0,0,0,0,0,0,0,0,"This clause helps SMEs to set and implement Net Zero targets and transition plans, which is relevant for reducing exposure to future retrofit obligations and disputes. It also requires public reporting on carbon footprint and progress towards Net Zero targets, which helps in managing disclosure-related risks. Additionally, the clause aligns with voluntary Net Zero standards, thus reducing exposure to reputational or commercial risks associated with not aligning to such standards.",True
SPA/ Investment Agreement: Disclosure of Climate Change Plans,0,0,0,0,0,0,0,0,0,0,0,0,0,0,0,0,0,0,0,0,0,0,0,0,0,Invalid JSON response,True
Securing Net Zero in Planning Development Projects,0,0,0,0,0,0,0,0,0,0,1,1,1,0,0,0,0,0,0,0,0,0,0,0,0,"This clause focuses on integrating Net Zero and climate-aligned considerations into planning and development projects. It includes requirements for sustainability plans, net zero objectives, and whole life-cycle carbon assessments, which help in retrofitting existing buildings and ensuring compliance with future regulatory standards. The clause also addresses the potential for future legal challenges or regulatory changes by requiring ongoing reviews and compliance with local planning authority recommendations, thus reducing exposure to regulatory and compliance risks.",True
Shareholder Resolutions Relating to a Company’s Climate Change Commitments,0,0,0,0,0,0,0,0,0,0,1,1,0,1,0,0,0,0,0,0,0,0,0,0,0,"The clause focuses on a company's climate change commitments and the establishment of an energy transition strategy, climate transition plan, or emissions reduction strategy. It requires the company to align with the goals of the Paris Agreement and to set short- and medium-term targets for emissions reduction. The clause also mandates the company to report on its progress against these targets, which aligns with the disclosure requirements of the International Financial Reporting Standards Foundation and the UK government's guidance on environmental reporting. These actions help mitigate risks related to future retrofit obligations, the need to align with net zero standards, and the potential for legal claims arising from failure to disclose climate risks.",True
Sponsorship agreement: Net Zero Outcome,0,0,0,0,0,0,0,0,0,0,1,1,0,1,0,0,0,0,0,0,0,0,0,0,0,"This clause focuses on promoting and incentivizing net zero commitments and actions, which helps mitigate exposure to future retrofit obligations or disputes by clarifying roles and responsibilities (Transition-retrofit). It also includes detailed provisions for disclosure and reporting of net zero progress, which helps reduce exposure to disclosure-related risks (Transition-disclosure). Additionally, the clause ensures that the parties align with net zero standards and targets, which helps reduce exposure to reputational or commercial risks associated with not aligning to voluntary Net Zero or carbon standards (Transition-standards).",True
Stakeholder Company Climate Questionnaire,0,0,0,0,0,0,0,0,0,0,0,0,0,0,0,0,0,0,0,0,0,0,0,0,0,Invalid JSON response,True
Subcontractor/ Supplier Self-Assessment Climate Questionnaire (Construction),0,0,0,0,0,0,0,0,0,0,0,0,0,0,0,0,0,0,0,0,0,0,0,0,0,Invalid JSON response,True
Supplier Environmental Threshold Obligations,0,0,0,0,0,0,0,0,0,0,1,1,0,0,0,0,0,0,0,0,0,0,1,0,0,"The clause helps mitigate exposure to future retrofit obligations and disputes by requiring continuous improvement and quantifiable targets for reducing carbon emissions. It also aligns with the UK's net zero targets and the Paris Agreement, thus reducing exposure to reputational or commercial risks associated with not aligning to voluntary Net Zero or carbon standards. Additionally, the clause requires the supplier to disclose and verify carbon footprint data, which helps reduce exposure to legal claims resulting from failure to disclose known or foreseeable climate risks.",True
Supply: Renewable Energy Requirements,0,0,0,0,0,0,0,0,0,0,1,1,0,0,0,0,0,0,0,0,0,0,0,0,0,"This clause helps mitigate exposure to future retrofit obligations or disputes by clarifying roles, access, and upgrade responsibilities (Transition-retrofit). It also helps achieve net zero targets and aligns with voluntary Net Zero or carbon standards, reducing exposure to reputational or commercial risks associated with not aligning to such standards (Transition-standards).",True
Supply: Termination for Greener Supplier,0,0,0,0,0,0,0,0,0,0,1,0,0,1,0,0,0,0,0,0,0,0,0,0,0,This clause helps reduce exposure to future retrofit obligations by setting a green baseline and requiring suppliers to meet or exceed this baseline. It also helps reduce exposure to disclosure-related risks by requiring suppliers to provide evidence of their carbon footprint and by allowing customers to terminate the agreement if the supplier cannot meet a 'greener' offer from an alternative supplier. This ensures that both parties are transparent about their environmental impact and can adapt to greener practices as required.,True
Supply Chain Emissions Scorecard,0,0,0,0,0,0,0,0,0,0,0,0,0,0,0,0,0,0,0,0,0,0,0,0,0,Invalid JSON response,True
Supply Chain Sustainable Land Use Clause and Questionnaire,0,0,0,0,0,0,0,0,0,0,1,0,0,1,0,0,0,0,0,0,0,0,1,0,0,"This clause helps mitigate transition-related risks by encouraging sustainable land use and management practices, which can reduce the environmental impact of the supply chain and align with Net Zero targets. It also helps with disclosure by requiring suppliers to provide detailed information about their environmental performance and practices, which can reduce the risk of legal claims related to misrepresentation or omission of climate risks. The clause ensures that suppliers are transparent about their environmental practices and impacts, which is crucial for managing legal exposure.",True
Sustainability-Linked Loans,0,0,0,0,0,0,0,0,0,0,1,0,0,1,0,0,0,0,0,0,0,0,0,0,0,"This clause helps mitigate transition-related risks by incorporating sustainability-linked performance targets (SLPs) into traditional financing documents. It requires the borrower to set and report on specific sustainability performance targets (SPTs), which can help in aligning with net zero targets and mobilizing finance for the transition to a decarbonized economy. This aligns with the 'Transition-retrofit' category as it clarifies roles and responsibilities for achieving sustainability goals. Additionally, the clause requires the borrower to disclose their sustainability performance, which helps in reducing the risk of legal claims related to non-disclosure or misrepresentation of climate risks, fitting into the 'Transition-disclosure' category.",True
Sustainability Clauses in Supply Chain Contracts,0,0,0,0,0,0,0,0,0,0,1,0,0,1,0,0,0,0,1,0,0,0,1,0,0,"This clause helps mitigate several risks related to transition and legal exposure. It includes sustainability clauses that extend positive climate change measures to contracting parties, which helps in achieving multinational corporate carbon reduction targets and addressing regulatory imbalances. The clause also includes environmental representations and covenants, which help in disclosing and managing compliance with environmental legislation and standards. This is relevant for transition-retrofit as it clarifies roles, access, and upgrade responsibilities for sustainability policies. Additionally, the clause includes detailed provisions for environmental monitoring, reporting, and corrective actions, which help in reducing exposure to legal claims resulting from failure to disclose known or foreseeable climate risks (transition-disclosure) and performance failure or frustration of contract due to climate conditions or adaptation burdens (legal-contract).",True
Sustainability Enterprise Delivery Measures within Construction Works Task Orders,0,0,0,0,0,0,0,0,0,0,1,1,0,0,1,0,0,0,0,0,0,0,0,0,0,"The clause focuses on incorporating climate change-related temperature increases and deconstruction for reuse into construction works, which aligns with transition-related risks. It encourages contractors and suppliers to work towards sustainability and resilience, which is relevant to aligning with voluntary Net Zero or carbon standards. Additionally, the clause provides a framework for measuring and reporting on environmental performance, which helps manage general transition-related risks, including regulatory uncertainty and decarbonisation pressure.",True
Sustainability Key Performance Indicators in Construction Works Task Orders,0,0,0,0,0,0,0,0,0,0,0,0,0,0,0,0,0,0,0,0,0,0,0,0,0,Invalid JSON response,True
Sustainability Reporting Clause for the Constitution of a Private Limited Company,0,0,0,0,0,0,0,0,0,0,0,0,0,1,0,0,0,0,0,0,0,0,1,0,0,"This clause helps mitigate the risk of legal exposure related to the failure to disclose known or foreseeable climate risks. By requiring regular sustainability meetings and the production of an annual sustainability report, the clause ensures that the company is regularly evaluating and discussing its sustainability performance. This can help in identifying and disclosing climate risks to stakeholders, thereby reducing the risk of legal claims resulting from failure to disclose such risks. The clause also aligns with the broader trend of increased scrutiny on sustainability reporting, which is a key aspect of transition-related risks.",True
Sustainable On Site Working Practices,0,0,0,0,0,0,0,0,0,0,1,1,0,0,0,0,0,0,0,0,0,0,0,0,0,"This clause focuses on encouraging sustainable working practices on construction sites, which aligns with transition-related standards and retrofits. It promotes the use of renewable energy sources, energy-efficient equipment, and other green technologies, which are key aspects of aligning with climate and sustainable practices. The clause also includes provisions for reporting and monitoring energy savings and GHG reductions, which helps in aligning with net-zero or carbon reduction standards. These practices are essential for reducing the carbon footprint of construction projects and aligning with broader sustainability goals, thus mitigating risks associated with future regulatory requirements and reputational risks.",True
TV Production: Promotion of Sustainable Consumption and Travel,0,0,0,0,0,0,0,0,0,0,1,0,0,0,0,0,0,0,0,0,0,0,1,0,1,"This clause helps mitigate transition-related risks by requiring producers to promote sustainable consumption and travel, which can be seen as a form of retrofitting to align with climate goals. It also helps reduce legal exposure to disclosure risks by ensuring that the production content accurately reflects sustainable practices and avoids glamorizing non-sustainable options. Additionally, it covers general legal exposure by addressing potential disputes and ensuring compliance with the terms of the agreement, which can be relevant in the context of climate-related obligations.",True
Target Product Carbon Footprint (Schedule for Consumer Goods Contracts),0,0,0,0,0,0,0,0,0,0,0,0,0,0,0,0,0,0,0,0,0,0,0,0,0,Invalid JSON response,True
Template Board Paper for Significant Contracts/ Transactions,0,0,0,0,0,0,0,0,0,0,1,1,0,1,0,0,0,0,0,0,0,0,1,0,1,"This clause helps mitigate various transition-related risks by ensuring that significant contracts and transactions are aligned with a company's decarbonization or net-zero strategy. It includes detailed prompts for considering climate impacts, aligning with emissions targets, and conducting due diligence on counterparties. This supports the company in meeting its decarbonization commitments and building climate resilience. The clause also helps reduce exposure to legal risks related to disclosure and compliance by requiring detailed analysis of climate-related financial risks, contractual risks, and stakeholder impacts. It ensures that the company is transparent about its climate-related risks and opportunities, which can help mitigate legal claims related to non-disclosure or misrepresentation.",True
The Net Zero Standard for Suppliers,0,0,0,0,0,0,0,0,0,0,1,1,0,0,0,0,0,0,0,0,0,0,0,0,0,"This clause helps mitigate exposure to transition-related risks by ensuring that suppliers meet decarbonization targets and report on their greenhouse gas emissions. It includes responsibilities for suppliers to measure, manage, and report emissions, develop improvement plans, and verify these reports. Additionally, it includes a price adjustment mechanism based on emissions performance, which can incentivize suppliers to retrofit their operations to reduce emissions. This aligns with transition standards and helps manage future retrofit obligations.",True
The ‘Green Supplier’ Contract – A Standardised Contractual Pricing Model,0,0,0,0,0,0,0,0,0,0,1,1,0,0,0,0,0,0,0,0,0,0,0,0,0,"This clause helps mitigate transition-related risks by encouraging suppliers to adopt environmental targets and reduce their carbon footprint. It includes specific sustainability objectives and incentives for suppliers to meet these targets, which aligns with transition standards and helps reduce the risk of future retrofit obligations or disputes. The clause also ensures that the supplier's commitments are copied into supply chain contracts, which is a key aspect of supply chain management and transition planning.",True
"Transparent Sourcing of Greener, Fairer Renewable Energy",0,0,0,0,0,0,0,0,0,0,0,0,0,0,0,0,0,0,0,0,0,0,0,0,0,Invalid JSON response,True
